"","Country","Region","Round","Subject","Year.PISA","Mean.PISA","StDev.PISA","Per5.PISA","Per10.PISA","Per25.PISA","Per75.PISA","Per90.PISA","Per95.PISA","Mean.M.PISA","Mean.F.PISA","Con.Num.PISA","Con.Alg.PISA","Con.Meas.PISA","Con.Geom.PISA","Con.Data.PISA","Con.Num.F.PISA","Con.Num.M.PISA","Con.Alg.F.PISA","Con.Alg.M.PISA","Con.Meas.F.PISA","Con.Meas.M.PISA","Con.Geom.F.PISA","Con.Geom.M.PISA","Con.Data.F.PISA","Con.Data.M.PISA","Con.SS.PISA","Con.SS.M.PISA","Con.SS.F.PISA","Con.CR.PISA","Con.CR.M.PISA","Con.CR.F.PISA","Con.Quant.PISA","Con.Quant.M.PISA","Con.Quant.F.PISA","Con.Un.PISA","Con.Un.M.PISA","Con.Un.F.PISA","Year.TIMSS","Mean.TIMSS","StDev.TIMSS","Per5.TIMSS","Per10.TIMSS","Per25.TIMSS","Per75.TIMSS","Per90.TIMSS","Per95.TIMSS","Mean.M.TIMSS","Mean.F.TIMSS","Con.Num.TIMSS","Con.Alg.TIMSS","Con.Meas.TIMSS","Con.Geom.TIMSS","Con.Data.TIMSS","Con.Num.F.TIMSS","Con.Num.M.TIMSS","Con.Alg.F.TIMSS","Con.Alg.M.TIMSS","Con.Meas.F.TIMSS","Con.Meas.M.TIMSS","Con.Geom.F.TIMSS","Con.Geom.M.TIMSS","Con.Data.F.TIMSS","Con.Data.M.TIMSS","Con.SS.TIMSS","Con.SS.M.TIMSS","Con.SS.F.TIMSS","Con.CR.TIMSS","Con.CR.M.TIMSS","Con.CR.F.TIMSS","Con.Quant.TIMSS","Con.Quant.M.TIMSS","Con.Quant.F.TIMSS","Con.Un.TIMSS","Con.Un.M.TIMSS","Con.Un.F.TIMSS"
"1","Australia","Western",1,"Math",NA,0.731361250838016,0.337704654417704,0.695916051062161,0.684449799998249,0.72583185507368,0.747791682188762,0.747005383557722,0.76291158351926,0.681810314944888,0.790352430136724,NA,NA,NA,NA,NA,NA,NA,NA,NA,NA,NA,NA,NA,NA,NA,0.691707701874534,0.628510209157262,0.733158411674043,0.721756399757955,0.670483308109754,0.774734153254393,0.579823204281493,0.547131400279923,0.607863180855898,0.876066774771447,0.822095359839905,0.928071739356947,NA,-0.029209392377916,0.680705390991231,-0.16316519923054,NA,-0.110459770729821,-2.12115213134987,NA,-2.12989187311037,0.0588813898853754,-0.120936314515513,-0.157931662975873,-0.0627844239281314,0.0891472383112179,-0.194815825665243,0.392351249960542,-0.278615851490577,-0.0211918353862915,-0.157087547930866,0.0173259041515755,0.028831809412273,0.150446492627101,-0.27636946354867,-0.114336486907865,0.345804195134127,0.457053388108249,NA,NA,NA,NA,NA,NA,NA,NA,NA,NA,NA,NA
"2","Austria","Western",1,"Math",NA,0.392942163046646,0.0341499088736996,0.463768164430356,0.38114855923093,0.324450184065194,0.379161979701344,0.399773523310707,0.42215703008634,0.346035057242891,0.413769973847636,NA,NA,NA,NA,NA,NA,NA,NA,NA,NA,NA,NA,NA,NA,NA,0.582848784858213,0.610539938702444,0.568609142221016,0.306715341817785,0.259396056049819,0.339678257258406,0.503025428879971,0.488405310804439,0.532702354784071,0.147651703613165,0.112234722405215,0.185212802500116,NA,NA,NA,NA,NA,NA,NA,NA,NA,NA,NA,NA,NA,NA,NA,NA,NA,NA,NA,NA,NA,NA,NA,NA,NA,NA,NA,NA,NA,NA,NA,NA,NA,NA,NA,NA,NA,NA
"3","Belgium","Western",1,"Math",NA,0.825366553002285,2.61436524599773,0.0627854511572387,0.320488311077467,0.649378203453016,1.08131379396309,1.09423724380474,1.08473532842813,0.793735400845553,0.846839798580087,NA,NA,NA,NA,NA,NA,NA,NA,NA,NA,NA,NA,NA,NA,NA,0.854996077399014,0.844153454615079,0.824574672481281,0.887772822934022,0.867805189098522,0.908597505868542,0.82941597433644,0.782035758181858,0.852135865589335,0.777632305696004,0.706982824039685,0.827685396538456,NA,0.617890992609755,-0.558331388116403,0.484696621243664,NA,0.766720761536403,0.563864763535306,NA,0.488889325249335,0.690723996732283,0.538111124220405,0.711871077891248,0.404851285329674,0.576635933886482,0.506521146729631,0.685799553255131,0.613899333792798,0.82648158006537,0.32708640117112,0.504616958414621,0.527843895393917,0.625903347189084,0.437049384216502,0.598067777671911,0.610675493534735,0.78047200180647,NA,NA,NA,NA,NA,NA,NA,NA,NA,NA,NA,NA
"4","Canada","Western",1,"Math",NA,0.881769734300847,-0.876514327758313,1.16021182432577,1.08885145435467,0.993419635746004,0.765345477545306,0.728730022492089,0.706119157947107,0.942968848713107,0.940985412652359,NA,NA,NA,NA,NA,NA,NA,NA,NA,NA,NA,NA,NA,NA,NA,0.637278243366374,0.700391290976535,0.660025403028254,0.920976107569236,0.982909619675304,0.925330424945311,0.791017086635679,0.840761847657342,0.833345659071378,1.09262260673742,1.12906212197383,1.14892169355763,NA,NA,NA,NA,NA,NA,NA,NA,NA,NA,NA,NA,NA,NA,NA,NA,NA,NA,NA,NA,NA,NA,NA,NA,NA,NA,NA,NA,NA,NA,NA,NA,NA,NA,NA,NA,NA,NA
"5","Czech Republic","Eastern",1,"Math",NA,0.580952767375185,0.489482027189706,0.569289931081177,0.5429092209735,0.515584313116854,0.607361319336413,0.673903939295192,0.687188349423056,0.625847771994555,0.545573833548817,NA,NA,NA,NA,NA,NA,NA,NA,NA,NA,NA,NA,NA,NA,NA,0.800566618890854,0.916034536434351,0.678308655189701,0.555739976581887,0.571822367615369,0.523740367102862,0.791017086635679,0.801611121340352,0.776975039517508,0.265773066503698,0.323274371372285,0.225367339627512,NA,NA,NA,NA,NA,NA,NA,NA,NA,NA,NA,NA,NA,NA,NA,NA,NA,NA,NA,NA,NA,NA,NA,NA,NA,NA,NA,NA,NA,NA,NA,NA,NA,NA,NA,NA,NA,NA
"6","Denmark","Western",1,"Math",NA,0.543350646509477,-0.269404836670304,0.632602991071669,0.623789551844785,0.592037964737518,0.50203854719715,0.509425689704501,0.497880264182544,0.60719359101111,0.489086465105453,NA,NA,NA,NA,NA,NA,NA,NA,NA,NA,NA,NA,NA,NA,NA,0.528419326350054,0.538658856883172,0.532042637898121,0.456130122676246,0.555378877532972,0.373144095411943,0.560623760431112,0.586282126596912,0.513912148266115,0.580763367545117,0.668611978772945,0.486371830955588,NA,NA,NA,NA,NA,NA,NA,NA,NA,NA,NA,NA,NA,NA,NA,NA,NA,NA,NA,NA,NA,NA,NA,NA,NA,NA,NA,NA,NA,NA,NA,NA,NA,NA,NA,NA,NA,NA
"7","Finland","Western",1,"Math",NA,1.10738245949509,-1.33184644607432,1.58229889092905,1.47303302599328,1.26100741641833,0.940883431110743,0.874932911017148,0.838634817615465,1.07354811559722,1.14810576361136,NA,NA,NA,NA,NA,NA,NA,NA,NA,NA,NA,NA,NA,NA,NA,1.01828445292349,0.880093995524715,1.15367321138733,1.02058596147488,1.0322400899225,1.00899502032915,1.19420540749367,1.17354302135175,1.19035958291255,1.15168328818269,1.12906212197383,1.16899896212132,NA,NA,NA,NA,NA,NA,NA,NA,NA,NA,NA,NA,NA,NA,NA,NA,NA,NA,NA,NA,NA,NA,NA,NA,NA,NA,NA,NA,NA,NA,NA,NA,NA,NA,NA,NA,NA,NA
"8","France","Western",1,"Math",NA,0.486947465210915,-0.117627463898302,0.442663811100192,0.482248972820036,0.515584313116854,0.449377161127519,0.436324245441972,0.384295413038237,0.457960143143557,0.507915587919908,NA,NA,NA,NA,NA,NA,NA,NA,NA,NA,NA,NA,NA,NA,NA,0.45584671500584,0.4667777750639,0.440626377090884,0.638748188169921,0.588265857697767,0.691069557870549,0.387828765777687,0.351377768694977,0.419961115676332,0.38389442939423,0.380830639272395,0.406062756700795,NA,NA,NA,NA,NA,NA,NA,NA,NA,NA,NA,NA,NA,NA,NA,NA,NA,NA,NA,NA,NA,NA,NA,NA,NA,NA,NA,NA,NA,NA,NA,NA,NA,NA,NA,NA,NA,NA
"9","Germany","Western",1,"Math",NA,0.336538981748084,1.55192363659372,-0.148258082144402,-0.0434731778433151,0.190656293729031,0.50203854719715,0.509425689704501,0.497880264182544,0.327380876259447,0.357282605404273,NA,NA,NA,NA,NA,NA,NA,NA,NA,NA,NA,NA,NA,NA,NA,0.310701492317413,0.269104800060901,0.349210116283647,0.422926838041033,0.456717937038587,0.423342852642249,0.522224872730351,0.488405310804439,0.570282767819985,0.127964809798077,0.188976412938695,0.0647491911179269,NA,NA,NA,NA,NA,NA,NA,NA,NA,NA,NA,NA,NA,NA,NA,NA,NA,NA,NA,NA,NA,NA,NA,NA,NA,NA,NA,NA,NA,NA,NA,NA,NA,NA,NA,NA,NA,NA
"10","Greece","Western",1,"Math",NA,-0.753922523357441,0.185927281645702,-0.90801480203031,-0.832056403838342,-0.765014351529269,-0.726727127760909,-0.696748140627233,-0.713691481356729,-0.661290715863098,-0.828952131906354,NA,NA,NA,NA,NA,NA,NA,NA,NA,NA,NA,NA,NA,NA,NA,-0.832317136353947,-0.791141156773365,-0.857484526371885,-0.755789766509048,-0.677882878646833,-0.831626078115406,-0.783337309095527,-0.627390389229751,-0.914143547098591,-0.561076473730028,-0.444142533962515,-0.637955208611508,NA,NA,NA,NA,NA,NA,NA,NA,NA,NA,NA,NA,NA,NA,NA,NA,NA,NA,NA,NA,NA,NA,NA,NA,NA,NA,NA,NA,NA,NA,NA,NA,NA,NA,NA,NA,NA,NA
"11","Hungary","Western",1,"Math",NA,0.0921251961209836,0.185927281645702,0.0838898044874028,0.0980674011814333,0.0759758162980354,0.115855049353189,0.125643107326222,0.157125710749624,0.0662223424912273,0.112504008816365,NA,NA,NA,NA,NA,NA,NA,NA,NA,NA,NA,NA,NA,NA,NA,-0.0703047172397067,-0.0903006090354604,-0.0713046834296446,0.223707130229752,0.210065585802626,0.222547823721024,0.176634883423501,0.136048773951537,0.213268843978808,0.0492172345377218,0.0163076092383649,0.0848264596816251,NA,0.456115896362837,0.405363884522868,0.484696621243664,NA,0.396355647912886,0.543676666581282,NA,0.54758614521257,0.507285820550923,0.418284317177511,0.499724067923657,0.619184318739502,0.373515644063455,0.27274215593134,0.294535148862346,0.44389644135787,0.529795884657289,0.598223812668232,0.621566811437752,0.288318094122728,0.439855012795265,0.205670298454825,0.360599689478652,0.270126681305382,0.295344081259139,NA,NA,NA,NA,NA,NA,NA,NA,NA,NA,NA,NA
"12","Iceland","Western",1,"Math",NA,0.562151706942331,-0.421182209442306,0.653707344401833,0.623789551844785,0.611151377642684,0.50203854719715,0.454599606507604,0.42215703008634,0.327380876259447,0.809181552951178,NA,NA,NA,NA,NA,NA,NA,NA,NA,NA,NA,NA,NA,NA,NA,0.383274103661627,0.0894020955127203,0.660025403028254,0.456130122676246,0.308726526297011,0.624137881563474,0.503025428879971,0.194774863427021,0.833345659071378,0.817006093326181,0.611055710872835,1.02845808217544,NA,NA,NA,NA,NA,NA,NA,NA,NA,NA,NA,NA,NA,NA,NA,NA,NA,NA,NA,NA,NA,NA,NA,NA,NA,NA,NA,NA,NA,NA,NA,NA,NA,NA,NA,NA,NA,NA
"13","Ireland","Western",1,"Math",NA,0.336538981748084,-1.18006907330232,0.611498637741505,0.563129303691321,0.43913066149619,0.221177821492451,0.180469190523119,0.10033328517747,0.364689238226335,0.281966114146455,NA,NA,NA,NA,NA,NA,NA,NA,NA,NA,NA,NA,NA,NA,NA,-0.124734175747867,-0.0363897976710062,-0.217570700721224,0.406325195723426,0.423830956873793,0.389877014488712,0.291831546525784,0.312227042377988,0.250849257014722,0.600450261360206,0.630241133506205,0.56668090521038,NA,NA,NA,NA,NA,NA,NA,NA,NA,NA,NA,NA,NA,NA,NA,NA,NA,NA,NA,NA,NA,NA,NA,NA,NA,NA,NA,NA,NA,NA,NA,NA,NA,NA,NA,NA,NA,NA
"14","Italy","Western",1,"Math",NA,-0.35910025426751,0.489482027189706,-0.507032088757192,-0.468094914917561,-0.420972919236281,-0.340543629916947,-0.276414836117689,-0.24042126825545,-0.288207096194213,-0.433540552802812,NA,NA,NA,NA,NA,NA,NA,NA,NA,NA,NA,NA,NA,NA,NA,-0.233593092764187,-0.198122231764369,-0.235853952882672,-0.49016348942734,-0.38190005716368,-0.580632291963875,-0.226553437434491,-0.177157036584376,-0.275276525488064,-0.462642004654585,-0.329029998162295,-0.597800671484112,NA,-0.453869020026075,-0.00764837517967697,-0.443905321436029,NA,-0.461331983636311,0.306466527371502,NA,0.321829145353975,-0.450669099507292,-0.480416735644196,-0.539796280917536,-0.491450490747786,-0.134285080494112,-0.623410642128777,-0.409740779044666,-0.554870551697336,-0.529795884657289,-0.505692791284296,-0.489456792281992,-0.170773024980385,-0.0976179532313252,-0.642719682671326,-0.609061670643821,-0.467729078524883,-0.351493146137303,NA,NA,NA,NA,NA,NA,NA,NA,NA,NA,NA,NA
"15","Japan","Eastern",1,"Math",NA,0.919371855166554,1.24836889104972,0.632602991071669,0.745110048151712,0.859625745409842,0.97599102182383,1.02113579954221,1.02794290285598,0.905660486746218,0.940985412652359,NA,NA,NA,NA,NA,NA,NA,NA,NA,NA,NA,NA,NA,NA,NA,1.27228859262824,1.20355886371144,1.35478898516326,0.904374465251629,0.867805189098522,0.94206334402208,0.771817642785299,0.742885031864869,0.776975039517508,0.817006093326181,0.822095359839905,0.807608127974758,NA,1.28521326462829,0.405363884522868,1.2405354117969,NA,1.23455037874506,0.740510611883015,NA,0.732706885096618,1.28180256442778,1.27704310098492,1.09373569583291,1.28166824018806,1.06412462946175,1.67541610072109,1.21400649918539,1.08140728798885,1.10197544008716,1.27606734141101,1.28428264523549,1.12665839857189,0.998000015976723,1.70963435590573,1.6270961598427,1.15933746879314,1.24538625899766,NA,NA,NA,NA,NA,NA,NA,NA,NA,NA,NA,NA
"16","Korea","Eastern",1,"Math",NA,1.06978033862939,-0.117627463898302,1.2024205309861,1.16973178522596,1.08898670027183,0.993544817180374,1.00286043847657,1.02794290285598,1.14816483953099,0.90332716702345,NA,NA,NA,NA,NA,NA,NA,NA,NA,NA,NA,NA,NA,NA,NA,1.25414543979219,1.29341021598553,1.11710670706444,1.10359417306291,1.18023150066407,0.925330424945311,0.963812081289104,1.09524156871777,0.758184832999551,1.01387503147707,1.05232043144035,0.887917202229551,NA,1.66942911821472,0.956046897459593,1.37010777589174,NA,1.58542259165155,0.861639193607158,NA,0.813979405045712,1.70982497551762,1.61655238760645,1.70896202473892,1.84672805554124,1.4297411511432,1.88971350895286,1.13575361830683,1.6764174115111,1.71653866628962,1.77960824847708,1.90801519469219,1.44602613360014,1.4114407590741,1.80604230830643,1.94372027743371,1.04582119805002,1.22517259564152,NA,NA,NA,NA,NA,NA,NA,NA,NA,NA,NA,NA
"17","Luxembourg","Western",1,"Math",NA,0.148528377419545,-0.117627463898302,0.147202864477895,0.158727649334897,0.152429467918699,0.133408844709733,0.125643107326222,0.10033328517747,0.215455790358781,0.093674886001911,NA,NA,NA,NA,NA,NA,NA,NA,NA,NA,NA,NA,NA,NA,NA,0.0929836582847734,0.215193988696447,-0.0164549269453023,0.0908939916888975,0.127848135390639,0.055218632953337,0.272632102675404,0.312227042377988,0.250849257014722,0.108277915982988,0.208161835572065,0.00451738542683254,NA,NA,NA,NA,NA,NA,NA,NA,NA,NA,NA,NA,NA,NA,NA,NA,NA,NA,NA,NA,NA,NA,NA,NA,NA,NA,NA,NA,NA,NA,NA,NA,NA,NA,NA,NA,NA,NA
"18","Mexico","Western",1,"Math",NA,-1.88198614932867,-1.18006907330232,-1.77329328856704,-1.80262037429376,-1.8162520613134,-1.85017003057971,-1.95774805415586,-2.05777888656436,-1.85515829880353,-1.8833830095158,NA,NA,NA,NA,NA,NA,NA,NA,NA,NA,NA,NA,NA,NA,NA,-1.83019054233688,-1.81544657269799,-1.84478014309005,-1.95110801337674,-1.94403161499143,-1.95273165625891,-1.78170838931532,-1.76276145242244,-1.79728325344255,-1.89978525315606,-1.92142007673201,-1.86266859099709,NA,NA,NA,NA,NA,NA,NA,NA,NA,NA,NA,NA,NA,NA,NA,NA,NA,NA,NA,NA,NA,NA,NA,NA,NA,NA,NA,NA,NA,NA,NA,NA,NA,NA,NA,NA,NA,NA
"19","Netherlands","Western",1,"Math",NA,0.99457609689797,0.0341499088736996,1.13910747099561,1.00797112348339,0.936079397030506,1.02865240789346,0.96630971634531,0.895427243187618,0.924314667729663,1.03513102672463,NA,NA,NA,NA,NA,NA,NA,NA,NA,NA,NA,NA,NA,NA,NA,0.7824234660548,0.700391290976535,0.861141176804175,1.15339910001573,1.11445754033448,1.19305713017361,0.791017086635679,0.70373430554788,0.870926072107291,1.23043086344304,1.18661838987394,1.26938530493982,NA,0.59766910557889,-1.10901440105313,0.895009107543993,NA,0.630270456517213,0.5588177392968,NA,0.493404465246507,0.649959957580869,0.558082258727554,0.711871077891248,0.229487894357997,0.86100433963872,0.233778990798291,0.95968463633008,0.656400056901531,0.762906073906496,0.210884653386643,0.251225610197837,0.787330180104372,0.915311867357248,0.244233479415104,0.222076638032585,0.894466170392529,1.02303596208014,NA,NA,NA,NA,NA,NA,NA,NA,NA,NA,NA,NA
"20","New Zealand","Western",1,"Math",NA,0.712560190405162,0.79303677273371,0.569289931081177,0.583349386409142,0.63026479054785,0.765345477545306,0.838382188885883,0.876496434663567,0.756427038878664,0.677377693249997,NA,NA,NA,NA,NA,NA,NA,NA,NA,NA,NA,NA,NA,NA,NA,0.764280313218747,0.772272372795807,0.751441663835491,0.738358042075562,0.785587738686535,0.67433663879378,0.464626541179209,0.527556037121428,0.401170909158375,0.895753668586536,0.879651627740015,0.907994470793249,NA,-0.251650149717428,0.130022378054505,-0.249546775293767,NA,-0.285895877183066,0.361983793995067,NA,0.398586525305897,-0.307994962477345,-0.200820852544109,-0.518581579920777,-0.238147814899808,-0.134285080494112,-0.253260573364816,0.294535148862346,-0.491119467034238,-0.529795884657289,-0.195821463859025,-0.294540370576774,-0.0909310912233216,-0.159634064695932,-0.179961511147971,-0.332015567751686,0.402562330505686,0.174062101122306,NA,NA,NA,NA,NA,NA,NA,NA,NA,NA,NA,NA
"21","Norway","Western",1,"Math",NA,0.186130498285253,-0.117627463898302,0.252724631128716,0.219387897488361,0.209769706634197,0.186070230779364,0.180469190523119,0.176056519273675,0.140839066425004,0.225478745703092,NA,NA,NA,NA,NA,NA,NA,NA,NA,NA,NA,NA,NA,NA,NA,0.00226789410450667,-0.0903006090354604,0.074961333861935,0.107495634006504,0.0620741750610498,0.155616147413949,0.13823599572274,0.0773226844760533,0.194478637460852,0.521702686099851,0.495943175072615,0.546603636646682,NA,-0.918972421735963,-0.833672894584766,-0.767836231673131,NA,-0.812204196542801,0.175243897170346,NA,0.172829525447302,-0.980601608475666,-0.839897156772878,-1.04894910483975,-1.44620673048247,-0.520213631157863,-0.779263302660971,-0.253235017287553,-0.979877782784658,-1.12316727547345,-1.39657285763195,-1.48353054297861,-0.470180276569371,-0.573074807793309,-0.700564454111745,-0.866318766186517,-0.165019023209903,-0.331279482781164,NA,NA,NA,NA,NA,NA,NA,NA,NA,NA,NA,NA
"22","Poland","Western",1,"Math",NA,0.0921251961209836,-0.421182209442306,0.252724631128716,0.219387897488361,0.114202642108367,0.0631936632835577,0.052541663063693,0.081402476653419,0.047568161507783,0.13133313163082,NA,NA,NA,NA,NA,NA,NA,NA,NA,NA,NA,NA,NA,NA,NA,0.12926996395688,0.107372365967538,0.166377594669172,0.0410890647360771,0.029187194896255,0.0719515520301058,0.0998371080219787,0.0577473213175588,0.138108017906982,0.147651703613165,0.054678454505105,0.225367339627512,NA,NA,NA,NA,NA,NA,NA,NA,NA,NA,NA,NA,NA,NA,NA,NA,NA,NA,NA,NA,NA,NA,NA,NA,NA,NA,NA,NA,NA,NA,NA,NA,NA,NA,NA,NA,NA,NA
"23","Portugal","Western",1,"Math",NA,-0.35910025426751,-0.724736954986311,-0.211571142134895,-0.265894087739348,-0.306292441805285,-0.410758811343122,-0.44089308570838,-0.486521779068115,-0.344169639144546,-0.377053184359449,NA,NA,NA,NA,NA,NA,NA,NA,NA,NA,NA,NA,NA,NA,NA,-0.596456149485253,-0.593468181770366,-0.583235743950173,-0.224537212345631,-0.184578176174911,-0.2459739104285,-0.418547875938297,-0.333759941852333,-0.463178590667631,-0.305146854133875,-0.309844575528925,-0.296641643028639,NA,NA,NA,NA,NA,NA,NA,NA,NA,NA,NA,NA,NA,NA,NA,NA,NA,NA,NA,NA,NA,NA,NA,NA,NA,NA,NA,NA,NA,NA,NA,NA,NA,NA,NA,NA,NA,NA
"24","Slovak Republic","Eastern",1,"Math",NA,0.242533679583815,0.0341499088736996,0.231620277798551,0.280048145641824,0.267109945349696,0.273839207562082,0.271845995851281,0.232848944845828,0.308726695276003,0.168991377259729,NA,NA,NA,NA,NA,NA,NA,NA,NA,NA,NA,NA,NA,NA,NA,0.40141725649768,0.55662912733799,0.221227351153515,0.207105487912145,0.259396056049819,0.155616147413949,0.503025428879971,0.566706763438418,0.419961115676332,-0.206712385058431,-0.156361194461965,-0.276564374464941,NA,0.0314562687146782,0.680705390991231,-0.0983790171831196,NA,-0.0519810685787396,0.442736181811163,NA,0.484374185252163,-0.00226466884174467,0.058803896048828,0.181503552972272,0.05412450338632,0.0282111513643098,0,-0.31192467794647,0.231392825814209,0.127151012317749,0.114049863566246,-0.00216573801894638,0.028831809412273,0.00574223254301899,-0.0449903777869925,0.0439755718876406,-0.392051564696138,-0.23021116600047,NA,NA,NA,NA,NA,NA,NA,NA,NA,NA,NA,NA
"25","Spain","Western",1,"Math",NA,-0.00188010604328582,-0.724736954986311,0.0838898044874028,0.0778473184636121,0.0759758162980354,-0.0596829042122482,-0.13021194759263,-0.183628842683297,-0.0083943814425497,0.0183583947440935,NA,NA,NA,NA,NA,NA,NA,NA,NA,NA,NA,NA,NA,NA,NA,-0.124734175747867,-0.0903006090354604,-0.144437692075434,-0.00871586221674318,-0.0201432753509372,0.00501987572303081,0.0998371080219787,0.0968980476345479,0.119317811389025,0.0492172345377218,0.0163076092383649,0.0848264596816251,NA,NA,NA,NA,NA,NA,NA,NA,NA,NA,NA,NA,NA,NA,NA,NA,NA,NA,NA,NA,NA,NA,NA,NA,NA,NA,NA,NA,NA,NA,NA,NA,NA,NA,NA,NA,NA,NA
"26","Sweden","Western",1,"Math",NA,0.449345344345207,0.337704654417704,0.463768164430356,0.441808807384394,0.458244074401356,0.466930956484063,0.472874967573237,0.497880264182544,0.401997600193224,0.489086465105453,NA,NA,NA,NA,NA,NA,NA,NA,NA,NA,NA,NA,NA,NA,NA,0.274415186645307,0.215193988696447,0.330926864122199,0.389723553405819,0.325170016379408,0.456808690795787,0.522224872730351,0.488405310804439,0.532702354784071,0.482328898469673,0.438386907172505,0.506449099519286,NA,-0.150540714563104,-0.833672894584766,0.052788740927528,NA,-0.0714739692957668,0.361983793995067,NA,0.35795026533135,-0.185702845023105,-0.120936314515513,-0.200361064969391,-0.432996027090561,0.109459267293521,-0.662373807261826,0.548857011717656,-0.172364043718747,-0.233110189249207,-0.428224959427978,-0.430981865770427,0.128634226608602,0.0884303811624944,-0.584874911230907,-0.747584722089888,0.591756115077548,0.517694378176665,NA,NA,NA,NA,NA,NA,NA,NA,NA,NA,NA,NA
"27","Switzerland","Western",1,"Math",NA,0.787764432136577,0.79303677273371,0.590394284411341,0.623789551844785,0.744945267978846,0.800453068258393,0.874932911017148,0.914358051711669,0.831043762812442,0.715035938878906,NA,NA,NA,NA,NA,NA,NA,NA,NA,NA,NA,NA,NA,NA,NA,1.03642760575955,1.09573724098253,0.934274185449965,0.688553115122741,0.719813778356946,0.640870800640243,0.887014305887582,0.899487937132825,0.852135865589335,0.600450261360206,0.649426556139575,0.506449099519286,NA,NA,NA,NA,NA,NA,NA,NA,NA,NA,NA,NA,NA,NA,NA,NA,NA,NA,NA,NA,NA,NA,NA,NA,NA,NA,NA,NA,NA,NA,NA,NA,NA,NA,NA,NA,NA,NA
"28","Turkey","Western",1,"Math",NA,-1.16754585288023,1.85547838213772,-1.28789316197326,-1.31733838906605,-1.35753015158942,-1.13046442096141,-0.806400307021027,-0.410798544971911,-1.1276452404492,-1.2243637110099,NA,NA,NA,NA,NA,NA,NA,NA,NA,NA,NA,NA,NA,NA,NA,-1.19518019307501,-1.222427647689,-1.16829981311649,-0.971611116637936,-1.00675268029478,-0.965489430729556,-1.41691895615809,-1.35167882609405,-1.49663994915525,-0.856379880956359,-0.789480141363175,-0.979268774194376,NA,NA,NA,NA,NA,NA,NA,NA,NA,NA,NA,NA,NA,NA,NA,NA,NA,NA,NA,NA,NA,NA,NA,NA,NA,NA,NA,NA,NA,NA,NA,NA,NA,NA,NA,NA,NA,NA
"29","United States","Western",1,"Math",NA,-0.0394822269089936,0.337704654417704,-0.169362435474566,-0.185013756868064,-0.0769314869432928,0.0105322772139266,0.052541663063693,0.0435408596053168,-0.0830111053763267,-0.000470728070360932,NA,NA,NA,NA,NA,NA,NA,NA,NA,NA,NA,NA,NA,NA,NA,-0.19730678709208,-0.198122231764369,-0.199287448559777,0.0742923493712907,0.029187194896255,0.105417390183643,-0.20735399358411,-0.23588312605986,-0.181325492898281,0.0885910221678992,0.0163076092383649,0.185212802500116,NA,-0.0494312794087807,0.405363884522868,-0.141569805214733,NA,-0.110459770729821,0.422548084857139,NA,0.45276820527196,-0.0226466884174514,-0.0610229109940662,0.0542153469917173,0.151548609481696,-0.235845225405625,-0.564965894429204,0.314098369081985,0.0188892102705482,0.0847673415451662,0.114049863566246,0.17325904151575,-0.270575442176713,-0.200978139005669,-0.584874911230907,-0.549694648595506,0.326884816676941,0.275130417903,NA,NA,NA,NA,NA,NA,NA,NA,NA,NA,NA,NA
"30","Brazil","Western",1,"Math",NA,-2.42721690188144,1.09659151827771,-2.70188483509426,-2.67208393116007,-2.59990199042521,-2.2890149144933,-2.12222630374655,-2.03884807804031,-2.34016700437308,-2.48591493957834,NA,NA,NA,NA,NA,NA,NA,NA,NA,NA,NA,NA,NA,NA,NA,-2.41077143309059,-2.39049522725217,-2.41156096009492,-2.46575892522255,-2.33867537696897,-2.55511674302259,-2.43448948022826,-2.35002234717727,-2.49252089460695,-2.15571487275221,-2.0557180351656,-2.24413669370736,NA,NA,NA,NA,NA,NA,NA,NA,NA,NA,NA,NA,NA,NA,NA,NA,NA,NA,NA,NA,NA,NA,NA,NA,NA,NA,NA,NA,NA,NA,NA,NA,NA,NA,NA,NA,NA,NA
"31","Hong Kong SAR","Eastern",1,"Math",NA,1.22018882209222,1.09659151827771,0.906959584363802,1.04841128891903,1.20366717770283,1.27440554288507,1.24044013232979,1.21725098809649,1.14816483953099,1.27990962331254,NA,NA,NA,NA,NA,NA,NA,NA,NA,NA,NA,NA,NA,NA,NA,1.36300435680851,1.23949940462108,1.48277175029339,0.970781034522056,0.88424867918092,1.04246085848269,1.11740763209215,1.05609084240078,1.1715693763946,1.40761290777884,1.37847261620764,1.4300034534494,NA,1.60876345712213,-0.696002141350584,1.71563408014465,NA,1.76085869810479,-2.08582296168033,NA,-2.10280103312733,1.56715083848767,1.6365235221136,1.70896202473892,1.51548609481696,1.57192535401931,1.69489768328761,1.07706395764792,1.78266921928293,1.63177132474445,1.50847083697997,1.51818235128176,1.60571000111427,1.53547298200331,1.69035276542559,1.70625218924045,1.12149871187876,1.02303596208014,NA,NA,NA,NA,NA,NA,NA,NA,NA,NA,NA,NA
"32","Indonesia","Eastern",1,"Math",NA,-2.35201266015002,-1.78717856439032,-2.06875423518933,-2.1261416977789,-2.21763373232189,-2.4118914819891,-2.52428424719047,-2.58784152523779,-2.39612954732341,-2.2976237114338,NA,NA,NA,NA,NA,NA,NA,NA,NA,NA,NA,NA,NA,NA,NA,-2.211196751894,-2.19282225224917,-2.22872843848044,-2.44915728290494,-2.47022329762815,-2.42125339040844,-2.4920878117794,-2.56535134192071,-2.39856986201717,-1.9982197222315,-2.11327430306571,-1.88274585956079,NA,-1.9300667732792,1.6444006636305,-2.36589538884283,NA,-2.05974984243254,-2.16657534949642,NA,-2.16601299308774,-1.999702587261,-1.87839615114463,-1.79146363972632,-1.64105494267322,-2.2873601526182,-1.71437926585414,-1.81829263485869,-1.68113971407874,-1.90726518476624,-1.59024243727274,-1.67844696468382,-2.16682136890696,-2.41288611457664,-1.76105193051943,-1.65787906016405,-1.73532743515636,-1.88773156120385,NA,NA,NA,NA,NA,NA,NA,NA,NA,NA,NA,NA
"33","Latvia","Eastern",1,"Math",NA,-0.0394822269089936,-0.724736954986311,0.168307217808059,0.118287483899255,0.0377489904877033,-0.0947904949253356,-0.148487308658263,-0.183628842683297,-0.101665286359771,0.0371875175585479,NA,NA,NA,NA,NA,NA,NA,NA,NA,NA,NA,NA,NA,NA,NA,0.0566973526126667,0.0534615546030842,0.0932445860233824,0.0908939916888975,0.0127437048138576,0.189081985567487,-0.0921573304818269,-0.138006310267387,-0.0685842537905413,-0.246086172688609,-0.348215420795665,-0.136023494519054,NA,0.0314562687146782,-0.558331388116403,0.225551893053982,NA,0.0454834350063965,0.417501060618633,NA,0.407616805300241,-0.0430287079931581,0.118717299570275,0.0330006459949582,0.112578967043546,-0.134285080494112,0.27274215593134,-0.0967292555304387,0.103890656488013,-0.0423836707725831,0.210884653386643,0.0173259041515755,-0.110891574662587,-0.138962027541063,0.359923022295943,0.182498623333708,0.0809328967335189,-0.270638492712748,NA,NA,NA,NA,NA,NA,NA,NA,NA,NA,NA,NA
"34","Liechtenstein","Western",1,"Math",NA,0.956973976032262,0.944814145505712,0.653707344401833,0.866430544458639,0.91696598412534,1.04620620325001,0.929758994214045,0.952219668759771,1.11085647756411,0.771523307322269,NA,NA,NA,NA,NA,NA,NA,NA,NA,NA,NA,NA,NA,NA,NA,1.00014130008744,1.18558859325662,0.788008168158386,0.970781034522056,1.08157056016969,0.824932910484699,0.906213749737963,1.05609084240078,0.739394626481595,0.718571624250738,0.879651627740015,0.546603636646682,NA,NA,NA,NA,NA,NA,NA,NA,NA,NA,NA,NA,NA,NA,NA,NA,NA,NA,NA,NA,NA,NA,NA,NA,NA,NA,NA,NA,NA,NA,NA,NA,NA,NA,NA,NA,NA,NA
"35","Macao-China","Eastern",1,"Math",NA,0.787764432136577,-0.876514327758313,1.07579441100512,0.987751040765567,0.859625745409842,0.660022705406044,0.637353217163928,0.611465115326851,0.887006305762774,0.696206816064452,NA,NA,NA,NA,NA,NA,NA,NA,NA,NA,NA,NA,NA,NA,NA,0.818709771726907,0.880093995524715,0.769724915996938,0.622146545852314,0.703370288274549,0.54047328617963,0.887014305887582,1.01694011608379,0.776975039517508,0.895753668586536,0.937207895640126,0.847762665102154,NA,NA,NA,NA,NA,NA,NA,NA,NA,NA,NA,NA,NA,NA,NA,NA,NA,NA,NA,NA,NA,NA,NA,NA,NA,NA,NA,NA,NA,NA,NA,NA,NA,NA,NA,NA,NA,NA
"36","Russian Federation","Eastern",1,"Math",NA,-0.321498133401802,-0.117627463898302,-0.253779848795223,-0.28611417045717,-0.306292441805285,-0.340543629916947,-0.294690197183321,-0.259352076779502,-0.325515458161102,-0.320565815916086,NA,NA,NA,NA,NA,NA,NA,NA,NA,NA,NA,NA,NA,NA,NA,-0.161020481419973,-0.108270879490278,-0.199287448559777,-0.0751224314871703,-0.118804215845322,-0.0284459624305067,-0.284151768985633,-0.275033852376849,-0.275276525488064,-0.99418813766198,-0.981334367696876,-0.979268774194376,NA,0.0314562687146782,-0.00764837517967697,0.117574922974948,NA,0.00649763357234204,0.427595109095645,NA,0.439222785280444,-0.0226466884174514,0.098746165063126,-0.00942875599855984,0.268457536796147,0.00789912238200711,0.27274215593134,-0.527120100362502,0.0613899333792803,-0.0847673415451662,0.346453359135199,0.192750683686272,0.0487922928515388,-0.0149298046118498,0.340641431815803,0.202287630683146,-0.486648456982069,-0.57384344305483,NA,NA,NA,NA,NA,NA,NA,NA,NA,NA,NA,NA
"37","Serbia","Eastern",1,"Math",NA,-0.904331006820272,-1.18006907330232,-0.675866915398505,-0.730955990249236,-0.822354590244768,-0.990034058109065,-1.06225536193988,-1.0733768433137,-0.997065973565095,-0.828952131906354,NA,NA,NA,NA,NA,NA,NA,NA,NA,NA,NA,NA,NA,NA,NA,-0.923032900534214,-1.024754672686,-0.802634769887543,-1.03801768590836,-1.08897013070677,-0.982222349806325,-0.591342870591722,-0.686116478705235,-0.481968797185588,-1.15168328818269,-1.17318859403058,-1.11980965414026,NA,-0.595422229242128,1.6444006636305,-1.07017174789443,NA,-0.753725494391719,0.321607600087019,NA,0.376010825320038,-0.715635353991479,-0.500387870151345,-0.603440383907813,-0.277117457337959,-0.642085805051679,-0.584447476995729,-1.0748902665124,-0.491119467034238,-0.699330567747621,-0.157087547930866,-0.391998581429383,-0.5699826937657,-0.71777906787739,-0.469185368350068,-0.708006707391012,-1.03531043224047,-1.11961235367058,NA,NA,NA,NA,NA,NA,NA,NA,NA,NA,NA,NA
"38","Thailand","Western",1,"Math",NA,-1.28035221547735,-1.63540119161832,-0.865806095369981,-0.993817065580912,-1.16639602253776,-1.41132514666611,-1.42776258325253,-1.43306220527067,-1.40745795520087,-1.14904721975208,NA,NA,NA,NA,NA,NA,NA,NA,NA,NA,NA,NA,NA,NA,NA,-1.06817812322264,-1.16851683632454,-0.96718403934057,-1.27044067835486,-1.41783993235472,-1.13281862149724,-1.37852006845732,-1.5278570945205,-1.25236726442181,-1.25011775725813,-1.38422824299765,-1.11980965414026,NA,NA,NA,NA,NA,NA,NA,NA,NA,NA,NA,NA,NA,NA,NA,NA,NA,NA,NA,NA,NA,NA,NA,NA,NA,NA,NA,NA,NA,NA,NA,NA,NA,NA,NA,NA,NA,NA
"39","Tunisia","Western",1,"Math",NA,-2.37081372058288,-1.63540119161832,-2.15317164850999,-2.20702202865019,-2.27497397103738,-2.4118914819891,-2.52428424719047,-2.54997990818969,-2.34016700437308,-2.39176932550607,NA,NA,NA,NA,NA,NA,NA,NA,NA,NA,NA,NA,NA,NA,NA,-2.24748305756611,-2.22876279315881,-2.26529494280334,-2.39935235595212,-2.37156235713377,-2.4379863094852,-2.35769170482673,-2.31087162086028,-2.37977965549921,-2.43133138616346,-2.40105564256626,-2.42483211078064,NA,-1.95028866031006,-2.34805118016076,-1.28612568805249,NA,-1.70887762952605,-0.132624581378518,NA,-0.0890485943886678,-1.73473633277681,-2.11804976523042,-1.83389304171984,-1.8943576185212,-2.02330377584826,-1.4416371099228,-2.42475246166751,-2.0211454989486,-1.61057948935816,-2.05504942841065,-1.71743024902487,-2.16682136890696,-1.85474111139518,-1.5489544352379,-1.30167692787416,-2.56778008727256,-2.25157750161435,NA,NA,NA,NA,NA,NA,NA,NA,NA,NA,NA,NA
"40","Uruguay","Western",1,"Math",NA,-1.18634691331308,1.09659151827771,-1.60445846192572,-1.49931913352644,-1.31930332577908,-1.02514164882215,-0.98915391767735,-0.997653609217496,-1.16495360241609,-1.20553458819544,NA,NA,NA,NA,NA,NA,NA,NA,NA,NA,NA,NA,NA,NA,NA,-1.28589595725528,-1.222427647689,-1.33284908256952,-1.07122097054358,-1.08897013070677,-1.0491540261134,-1.09052841070162,-1.05804837871663,-1.12083581879611,-1.32886533251849,-1.32667197509754,-1.32058233977724,NA,NA,NA,NA,NA,NA,NA,NA,NA,NA,NA,NA,NA,NA,NA,NA,NA,NA,NA,NA,NA,NA,NA,NA,NA,NA,NA,NA,NA,NA,NA,NA,NA,NA,NA,NA,NA,NA
"41","Australia","Western",1,"Science",NA,0.869086111672867,0.402298909189817,0.798288610017246,0.867227989662212,0.898236611850669,0.815482540730087,0.810011987483071,0.85947555941006,0.789997244832176,0.936592295792692,NA,NA,NA,NA,NA,NA,NA,NA,NA,NA,NA,NA,NA,NA,NA,NA,NA,NA,NA,NA,NA,NA,NA,NA,NA,NA,NA,NA,0.40170839875687,0.39147789472539,0.259799459230813,NA,0.343592135468138,0.391451885632606,NA,0.374837848132259,0.477602333524758,0.319239200949255,NA,NA,NA,NA,NA,NA,NA,NA,NA,NA,NA,NA,NA,NA,NA,NA,NA,NA,NA,NA,NA,NA,NA,NA,NA,NA,NA
"42","Austria","Western",1,"Science",NA,0.0768896559925059,-0.160356907858878,0.10223314624199,0.0963586655180236,0.0540059331244012,0.0924454558522396,0.0410461494619393,-0.0307334047138009,-0.00454021405075937,0.15362723534535,NA,NA,NA,NA,NA,NA,NA,NA,NA,NA,NA,NA,NA,NA,NA,NA,NA,NA,NA,NA,NA,NA,NA,NA,NA,NA,NA,NA,NA,NA,NA,NA,NA,NA,NA,NA,NA,NA,NA,NA,NA,NA,NA,NA,NA,NA,NA,NA,NA,NA,NA,NA,NA,NA,NA,NA,NA,NA,NA,NA,NA,NA,NA,NA,NA
"43","Belgium","Western",1,"Science",NA,0.496287779587991,0.964954726238513,-0.10078303069246,0.123889712808887,0.376800016166798,0.650216921329437,0.56061766163838,0.477957431928406,0.426780120771405,0.556972872545496,NA,NA,NA,NA,NA,NA,NA,NA,NA,NA,NA,NA,NA,NA,NA,NA,NA,NA,NA,NA,NA,NA,NA,NA,NA,NA,NA,NA,0.142626109004882,-0.834018123545395,0.190002589586714,NA,0.320854420620982,0.248140686824737,NA,0.150898320018982,0.265043053219783,0.0389316098718608,NA,NA,NA,NA,NA,NA,NA,NA,NA,NA,NA,NA,NA,NA,NA,NA,NA,NA,NA,NA,NA,NA,NA,NA,NA,NA,NA
"44","Canada","Western",1,"Science",NA,0.729286737141038,0.0647054189606003,0.827290921007882,0.812165895080485,0.774085041449747,0.650216921329437,0.64374910358661,0.647521044142474,0.835399385339772,0.723056370216144,NA,NA,NA,NA,NA,NA,NA,NA,NA,NA,NA,NA,NA,NA,NA,NA,NA,NA,NA,NA,NA,NA,NA,NA,NA,NA,NA,NA,NA,NA,NA,NA,NA,NA,NA,NA,NA,NA,NA,NA,NA,NA,NA,NA,NA,NA,NA,NA,NA,NA,NA,NA,NA,NA,NA,NA,NA,NA,NA,NA,NA,NA,NA,NA,NA
"45","Czech Republic","Eastern",1,"Science",NA,0.822486320162257,0.289767745780078,0.943300164970425,0.867227989662212,0.798915355529931,0.774166135879925,0.810011987483071,0.85947555941006,0.812698315085974,0.817961226027943,NA,NA,NA,NA,NA,NA,NA,NA,NA,NA,NA,NA,NA,NA,NA,NA,NA,NA,NA,NA,NA,NA,NA,NA,NA,NA,NA,NA,NA,NA,NA,NA,NA,NA,NA,NA,NA,NA,NA,NA,NA,NA,NA,NA,NA,NA,NA,NA,NA,NA,NA,NA,NA,NA,NA,NA,NA,NA,NA,NA,NA,NA,NA,NA,NA
"46","Denmark","Western",1,"Science",NA,-0.29590867609237,0.402298909189817,-0.506815384561359,-0.454262280299254,-0.343279092158548,-0.1967693780989,-0.166782455408637,-0.157906113874353,-0.140746635573548,-0.439528113478394,NA,NA,NA,NA,NA,NA,NA,NA,NA,NA,NA,NA,NA,NA,NA,NA,NA,NA,NA,NA,NA,NA,NA,NA,NA,NA,NA,NA,NA,NA,NA,NA,NA,NA,NA,NA,NA,NA,NA,NA,NA,NA,NA,NA,NA,NA,NA,NA,NA,NA,NA,NA,NA,NA,NA,NA,NA,NA,NA,NA,NA,NA,NA,NA,NA
"47","Finland","Western",1,"Science",NA,1.40498371404488,-0.835543888317312,2.01638567162394,1.91340778671504,1.66797634833638,1.12535557710631,1.01784059235365,0.965452817043853,1.24401864990814,1.55347385856939,NA,NA,NA,NA,NA,NA,NA,NA,NA,NA,NA,NA,NA,NA,NA,NA,NA,NA,NA,NA,NA,NA,NA,NA,NA,NA,NA,NA,NA,NA,NA,NA,NA,NA,NA,NA,NA,NA,NA,NA,NA,NA,NA,NA,NA,NA,NA,NA,NA,NA,NA,NA,NA,NA,NA,NA,NA,NA,NA,NA,NA,NA,NA,NA,NA
"48","France","Western",1,"Science",NA,0.5428875710986,1.41507937987747,-0.071780719701824,0.0963586655180236,0.351969702086613,0.712191528604681,0.789229126996013,0.774693753303026,0.472182261279002,0.604425300451396,NA,NA,NA,NA,NA,NA,NA,NA,NA,NA,NA,NA,NA,NA,NA,NA,NA,NA,NA,NA,NA,NA,NA,NA,NA,NA,NA,NA,NA,NA,NA,NA,NA,NA,NA,NA,NA,NA,NA,NA,NA,NA,NA,NA,NA,NA,NA,NA,NA,NA,NA,NA,NA,NA,NA,NA,NA,NA,NA,NA,NA,NA,NA,NA,NA
"49","Germany","Western",1,"Science",NA,0.333188509300858,1.41507937987747,-0.477813073570724,-0.234013901972343,0.153327189445139,0.567584111629111,0.56061766163838,0.56273923803544,0.358676910010011,0.343436946968948,NA,NA,NA,NA,NA,NA,NA,NA,NA,NA,NA,NA,NA,NA,NA,NA,NA,NA,NA,NA,NA,NA,NA,NA,NA,NA,NA,NA,NA,NA,NA,NA,NA,NA,NA,NA,NA,NA,NA,NA,NA,NA,NA,NA,NA,NA,NA,NA,NA,NA,NA,NA,NA,NA,NA,NA,NA,NA,NA,NA,NA,NA,NA,NA,NA
"50","Greece","Western",1,"Science",NA,-0.156109301560541,0.289767745780078,-0.245794585645638,-0.289075996554071,-0.219127521757626,-0.0934783659734927,-0.0628681529733488,-0.0519288562405595,-0.0726434248121538,-0.249718401854796,NA,NA,NA,NA,NA,NA,NA,NA,NA,NA,NA,NA,NA,NA,NA,NA,NA,NA,NA,NA,NA,NA,NA,NA,NA,NA,NA,NA,NA,NA,NA,NA,NA,NA,NA,NA,NA,NA,NA,NA,NA,NA,NA,NA,NA,NA,NA,NA,NA,NA,NA,NA,NA,NA,NA,NA,NA,NA,NA,NA,NA,NA,NA,NA,NA
"51","Hungary","Western",1,"Science",NA,0.356488405056163,-0.160356907858878,0.479263189120254,0.42673123300839,0.401630330246982,0.319685682528135,0.311223335793688,0.266002916660819,0.290573699248616,0.438341802780747,NA,NA,NA,NA,NA,NA,NA,NA,NA,NA,NA,NA,NA,NA,NA,NA,NA,NA,NA,NA,NA,NA,NA,NA,NA,NA,NA,NA,0.778555365668853,0.544664897009238,0.678580677095406,NA,0.661920143328325,0.510877884639165,NA,0.533762674535229,0.926338591946373,0.622905757949766,NA,NA,NA,NA,NA,NA,NA,NA,NA,NA,NA,NA,NA,NA,NA,NA,NA,NA,NA,NA,NA,NA,NA,NA,NA,NA,NA
"52","Iceland","Western",1,"Science",NA,0.170089239013725,-0.272888071268617,0.218242390204533,0.261544949263207,0.27747875984606,0.113103658277321,0.0618290099489969,0.0328529498664749,-0.00454021405075937,0.343436946968948,NA,NA,NA,NA,NA,NA,NA,NA,NA,NA,NA,NA,NA,NA,NA,NA,NA,NA,NA,NA,NA,NA,NA,NA,NA,NA,NA,NA,NA,NA,NA,NA,NA,NA,NA,NA,NA,NA,NA,NA,NA,NA,NA,NA,NA,NA,NA,NA,NA,NA,NA,NA,NA,NA,NA,NA,NA,NA,NA,NA,NA,NA,NA,NA,NA
"53","Ireland","Western",1,"Science",NA,0.403088196566772,-0.610481561497834,0.711281677045339,0.674510658626165,0.525781900647904,0.319685682528135,0.248874754332515,0.138830207500268,0.358676910010011,0.438341802780747,NA,NA,NA,NA,NA,NA,NA,NA,NA,NA,NA,NA,NA,NA,NA,NA,NA,NA,NA,NA,NA,NA,NA,NA,NA,NA,NA,NA,NA,NA,NA,NA,NA,NA,NA,NA,NA,NA,NA,NA,NA,NA,NA,NA,NA,NA,NA,NA,NA,NA,NA,NA,NA,NA,NA,NA,NA,NA,NA,NA,NA,NA,NA,NA,NA
"54","Italy","Western",1,"Science",NA,-0.0396098227840178,1.07748588964825,-0.593822317533266,-0.42673123300839,-0.144636579517073,0.133761860702402,0.186526172871343,0.223612013607302,-0.00454021405075937,-0.0361824762782478,NA,NA,NA,NA,NA,NA,NA,NA,NA,NA,NA,NA,NA,NA,NA,NA,NA,NA,NA,NA,NA,NA,NA,NA,NA,NA,NA,NA,-0.446197276795091,0.851038901576934,-0.647559846142472,NA,-0.543178743570955,0.112791221283971,NA,0.158122175764572,-0.490723276753463,-0.404888742667347,NA,NA,NA,NA,NA,NA,NA,NA,NA,NA,NA,NA,NA,NA,NA,NA,NA,NA,NA,NA,NA,NA,NA,NA,NA,NA,NA
"55","Japan","Eastern",1,"Science",NA,1.40498371404488,1.19001705305799,0.972302475961061,1.17006950986172,1.34518226529399,1.39391220863237,1.4334978020948,1.47414365368606,1.35752400117713,1.43484278880464,NA,NA,NA,NA,NA,NA,NA,NA,NA,NA,NA,NA,NA,NA,NA,NA,NA,NA,NA,NA,NA,NA,NA,NA,NA,NA,NA,NA,0.990531784556843,-0.221270114410002,1.0042994021012,NA,1.00298586603567,0.558648284241788,NA,0.51209110729846,0.949956289758037,1.04336714456586,NA,NA,NA,NA,NA,NA,NA,NA,NA,NA,NA,NA,NA,NA,NA,NA,NA,NA,NA,NA,NA,NA,NA,NA,NA,NA,NA
"56","Korea","Eastern",1,"Science",NA,1.17198475649183,0.289767745780078,1.20432096388615,1.25266265173431,1.29552163713362,1.08403917225615,1.0386234528407,1.05023462315089,1.26671972016194,0.984044723698592,NA,NA,NA,NA,NA,NA,NA,NA,NA,NA,NA,NA,NA,NA,NA,NA,NA,NA,NA,NA,NA,NA,NA,NA,NA,NA,NA,NA,1.13184939714884,-0.374457116693851,1.2136900110335,NA,1.13941215511861,0.598456950577307,NA,0.533762674535229,1.11528017443968,1.13680300825832,NA,NA,NA,NA,NA,NA,NA,NA,NA,NA,NA,NA,NA,NA,NA,NA,NA,NA,NA,NA,NA,NA,NA,NA,NA,NA,NA
"57","Luxembourg","Western",1,"Science",NA,-0.109509510049932,0.514830072599556,-0.419808451589452,-0.344138091135799,-0.194297207677442,-0.0108455562731672,0.0202632889748816,-0.00953795318704233,-0.0272412843045575,-0.202265973948896,NA,NA,NA,NA,NA,NA,NA,NA,NA,NA,NA,NA,NA,NA,NA,NA,NA,NA,NA,NA,NA,NA,NA,NA,NA,NA,NA,NA,NA,NA,NA,NA,NA,NA,NA,NA,NA,NA,NA,NA,NA,NA,NA,NA,NA,NA,NA,NA,NA,NA,NA,NA,NA,NA,NA,NA,NA,NA,NA,NA,NA,NA,NA,NA,NA
"58","Mexico","Western",1,"Science",NA,-1.9269013789637,-1.28566854195627,-1.72491244616806,-1.77575255026072,-1.83309793696961,-1.95271658423082,-1.99567417826971,-2.00191039670235,-1.82062583435461,-2.02918444832603,NA,NA,NA,NA,NA,NA,NA,NA,NA,NA,NA,NA,NA,NA,NA,NA,NA,NA,NA,NA,NA,NA,NA,NA,NA,NA,NA,NA,NA,NA,NA,NA,NA,NA,NA,NA,NA,NA,NA,NA,NA,NA,NA,NA,NA,NA,NA,NA,NA,NA,NA,NA,NA,NA,NA,NA,NA,NA,NA,NA,NA,NA,NA,NA,NA
"59","Netherlands","Western",1,"Science",NA,0.845786215917562,0.0647054189606003,1.14631634190487,0.949821131534804,0.749254727369563,0.877457148005332,0.830794847970129,0.774693753303026,0.835399385339772,0.865413653933843,NA,NA,NA,NA,NA,NA,NA,NA,NA,NA,NA,NA,NA,NA,NA,NA,NA,NA,NA,NA,NA,NA,NA,NA,NA,NA,NA,NA,0.61368481764486,-1.75314013724848,1.0275650253159,NA,0.75287100271695,-3.77253461306272,NA,-3.82222234005528,0.619308520394742,0.576187826103533,NA,NA,NA,NA,NA,NA,NA,NA,NA,NA,NA,NA,NA,NA,NA,NA,NA,NA,NA,NA,NA,NA,NA,NA,NA,NA,NA
"60","New Zealand","Western",1,"Science",NA,0.775886528651648,0.627361236009295,0.682279366054704,0.619448564044437,0.67476378512901,0.815482540730087,0.830794847970129,0.880671010936819,0.880801525847368,0.651877728357295,NA,NA,NA,NA,NA,NA,NA,NA,NA,NA,NA,NA,NA,NA,NA,NA,NA,NA,NA,NA,NA,NA,NA,NA,NA,NA,NA,NA,0.236837850732878,0.238290892441542,0.166736966372014,NA,0.184428131538044,0.311834552961568,NA,0.324270857913132,0.194189959784791,0.272521269103023,NA,NA,NA,NA,NA,NA,NA,NA,NA,NA,NA,NA,NA,NA,NA,NA,NA,NA,NA,NA,NA,NA,NA,NA,NA,NA,NA
"61","Norway","Western",1,"Science",NA,-0.0862096142946272,0.627361236009295,-0.332801518617545,-0.289075996554071,-0.169466893597258,0.00981264615191412,0.0618290099489969,0.117634755973509,-0.11804556531975,-0.0599086902311976,NA,NA,NA,NA,NA,NA,NA,NA,NA,NA,NA,NA,NA,NA,NA,NA,NA,NA,NA,NA,NA,NA,NA,NA,NA,NA,NA,NA,-0.375538470499094,-0.374457116693851,-0.321841121136678,NA,-0.293063880252236,0.0889060214826595,NA,0.0642120510719074,-0.443487881130135,-0.311452878974882,NA,NA,NA,NA,NA,NA,NA,NA,NA,NA,NA,NA,NA,NA,NA,NA,NA,NA,NA,NA,NA,NA,NA,NA,NA,NA,NA
"62","Poland","Western",1,"Science",NA,0.239988926279639,0.402298909189817,0.276247012185804,0.206482854681479,0.128496875364954,0.278369277677972,0.352789056767803,0.435566528874888,0.24517155874102,0.20107966325125,NA,NA,NA,NA,NA,NA,NA,NA,NA,NA,NA,NA,NA,NA,NA,NA,NA,NA,NA,NA,NA,NA,NA,NA,NA,NA,NA,NA,NA,NA,NA,NA,NA,NA,NA,NA,NA,NA,NA,NA,NA,NA,NA,NA,NA,NA,NA,NA,NA,NA,NA,NA,NA,NA,NA,NA,NA,NA,NA,NA,NA,NA,NA,NA,NA
"63","Portugal","Western",1,"Science",NA,-0.459007946379503,-0.610481561497834,-0.390806140598816,-0.371669138426662,-0.392939720318917,-0.485984212050039,-0.540873944175674,-0.581815144409525,-0.435860548872924,-0.486980541384293,NA,NA,NA,NA,NA,NA,NA,NA,NA,NA,NA,NA,NA,NA,NA,NA,NA,NA,NA,NA,NA,NA,NA,NA,NA,NA,NA,NA,NA,NA,NA,NA,NA,NA,NA,NA,NA,NA,NA,NA,NA,NA,NA,NA,NA,NA,NA,NA,NA,NA,NA,NA,NA,NA,NA,NA,NA,NA,NA,NA,NA,NA,NA,NA,NA
"64","Slovak Republic","Eastern",1,"Science",NA,0.170089239013725,0.402298909189817,0.218242390204533,0.206482854681479,0.178157503525323,0.195736467977646,0.248874754332515,0.244807465134061,0.267872628994818,0.0349961655806014,NA,NA,NA,NA,NA,NA,NA,NA,NA,NA,NA,NA,NA,NA,NA,NA,NA,NA,NA,NA,NA,NA,NA,NA,NA,NA,NA,NA,0.166179044436881,0.544664897009238,0.0969400967279155,NA,0.0934772721494194,0.303872819694464,NA,0.324270857913132,0.194189959784791,0.109008507641209,NA,NA,NA,NA,NA,NA,NA,NA,NA,NA,NA,NA,NA,NA,NA,NA,NA,NA,NA,NA,NA,NA,NA,NA,NA,NA,NA
"65","Spain","Western",1,"Science",NA,-0.016309927028713,0.177236582370339,-0.158787652673731,-0.123889712808887,0.00434530496403254,0.00981264615191412,-0.000519571512175968,-0.0307334047138009,-0.0272412843045575,-0.0124562623252981,NA,NA,NA,NA,NA,NA,NA,NA,NA,NA,NA,NA,NA,NA,NA,NA,NA,NA,NA,NA,NA,NA,NA,NA,NA,NA,NA,NA,NA,NA,NA,NA,NA,NA,NA,NA,NA,NA,NA,NA,NA,NA,NA,NA,NA,NA,NA,NA,NA,NA,NA,NA,NA,NA,NA,NA,NA,NA,NA,NA,NA,NA,NA,NA,NA
"66","Sweden","Western",1,"Science",NA,0.426388092322077,0.964954726238513,0.10223314624199,0.234013901972343,0.351969702086613,0.505609504353867,0.602183382612495,0.583934689562199,0.426780120771405,0.438341802780747,NA,NA,NA,NA,NA,NA,NA,NA,NA,NA,NA,NA,NA,NA,NA,NA,NA,NA,NA,NA,NA,NA,NA,NA,NA,NA,NA,NA,0.331049592460873,0.238290892441542,0.259799459230813,NA,0.298116705773825,0.351643219297087,NA,0.3459424251499,0.265043053219783,0.41267506464172,NA,NA,NA,NA,NA,NA,NA,NA,NA,NA,NA,NA,NA,NA,NA,NA,NA,NA,NA,NA,NA,NA,NA,NA,NA,NA,NA
"67","Switzerland","Western",1,"Science",NA,0.58948736260921,1.07748588964825,0.131235457232626,0.261544949263207,0.476121272487535,0.650216921329437,0.726880545534841,0.795889204829785,0.631089753055589,0.533246658592546,NA,NA,NA,NA,NA,NA,NA,NA,NA,NA,NA,NA,NA,NA,NA,NA,NA,NA,NA,NA,NA,NA,NA,NA,NA,NA,NA,NA,NA,NA,NA,NA,NA,NA,NA,NA,NA,NA,NA,NA,NA,NA,NA,NA,NA,NA,NA,NA,NA,NA,NA,NA,NA,NA,NA,NA,NA,NA,NA,NA,NA,NA,NA,NA,NA
"68","Turkey","Western",1,"Science",NA,-1.25120440205986,-0.272888071268617,-0.825840805458352,-1.05994532069826,-1.33649165536592,-1.33297051147837,-1.10201117732623,-0.772574208150352,-1.27580014826346,-1.22249317392574,NA,NA,NA,NA,NA,NA,NA,NA,NA,NA,NA,NA,NA,NA,NA,NA,NA,NA,NA,NA,NA,NA,NA,NA,NA,NA,NA,NA,NA,NA,NA,NA,NA,NA,NA,NA,NA,NA,NA,NA,NA,NA,NA,NA,NA,NA,NA,NA,NA,NA,NA,NA,NA,NA,NA,NA,NA,NA,NA,NA,NA,NA,NA,NA,NA
"69","United States","Western",1,"Science",NA,0.0768896559925059,0.402298909189817,-0.0427784087111883,-0.0137655236454319,-0.0204850091161518,0.154420063127484,0.186526172871343,0.181221110553785,0.0862640669644332,0.0824485934865009,NA,NA,NA,NA,NA,NA,NA,NA,NA,NA,NA,NA,NA,NA,NA,NA,NA,NA,NA,NA,NA,NA,NA,NA,NA,NA,NA,NA,0.40170839875687,1.31059990842848,0.0271432270838167,NA,0.252641276079513,0.423298818701022,NA,0.439852549842565,0.453984635713094,0.365957132795488,NA,NA,NA,NA,NA,NA,NA,NA,NA,NA,NA,NA,NA,NA,NA,NA,NA,NA,NA,NA,NA,NA,NA,NA,NA,NA,NA
"70","Brazil","Western",1,"Science",NA,-2.27639981529327,-0.0478257444491388,-2.56597946489649,-2.51909082711405,-2.42902547489403,-2.15929860848163,-1.93332559680853,-1.81115133296152,-2.20654402866918,-2.33762522971437,NA,NA,NA,NA,NA,NA,NA,NA,NA,NA,NA,NA,NA,NA,NA,NA,NA,NA,NA,NA,NA,NA,NA,NA,NA,NA,NA,NA,NA,NA,NA,NA,NA,NA,NA,NA,NA,NA,NA,NA,NA,NA,NA,NA,NA,NA,NA,NA,NA,NA,NA,NA,NA,NA,NA,NA,NA,NA,NA,NA,NA,NA,NA,NA,NA
"71","Hong Kong SAR","Eastern",1,"Science",NA,1.19528465224713,-0.497950398088095,1.43633945181123,1.44537998277035,1.41967320753454,1.06338096983106,0.830794847970129,0.732302850249509,1.08511115813155,1.31621171903989,NA,NA,NA,NA,NA,NA,NA,NA,NA,NA,NA,NA,NA,NA,NA,NA,NA,NA,NA,NA,NA,NA,NA,NA,NA,NA,NA,NA,1.08474352628484,-0.987205125829243,1.2136900110335,NA,1.27583844420154,0.550686550974684,NA,0.447076405588154,1.04442708100469,1.13680300825832,NA,NA,NA,NA,NA,NA,NA,NA,NA,NA,NA,NA,NA,NA,NA,NA,NA,NA,NA,NA,NA,NA,NA,NA,NA,NA,NA
"72","Indonesia","Eastern",1,"Science",NA,-2.15990033651675,-3.42376064674131,-1.11586391536471,-1.36278684089776,-1.75860699472906,-2.44851344243277,-2.70229143482967,-2.82853300624594,-2.13844081790778,-2.17154173204373,NA,NA,NA,NA,NA,NA,NA,NA,NA,NA,NA,NA,NA,NA,NA,NA,NA,NA,NA,NA,NA,NA,NA,NA,NA,NA,NA,NA,-2.11845569246701,1.00422590386078,-2.29941909438614,NA,-2.15755649771905,-0.4445301074133,NA,-0.333100014935518,-2.14396212356994,-2.0633753232086,NA,NA,NA,NA,NA,NA,NA,NA,NA,NA,NA,NA,NA,NA,NA,NA,NA,NA,NA,NA,NA,NA,NA,NA,NA,NA,NA
"73","Latvia","Eastern",1,"Science",NA,0.0302898644818964,-0.610481561497834,0.363253945157711,0.289075996554071,0.10366656128477,-0.0728201635484114,-0.0836510134604064,-0.0731243077673181,-0.0726434248121538,0.1299010213924,NA,NA,NA,NA,NA,NA,NA,NA,NA,NA,NA,NA,NA,NA,NA,NA,NA,NA,NA,NA,NA,NA,NA,NA,NA,NA,NA,NA,0.0484143672768864,-0.834018123545395,0.306330705660212,NA,0.0934772721494194,0.232217220290529,NA,0.208689165983699,-0.0183693205201843,0.132367473564326,NA,NA,NA,NA,NA,NA,NA,NA,NA,NA,NA,NA,NA,NA,NA,NA,NA,NA,NA,NA,NA,NA,NA,NA,NA,NA,NA
"74","Liechtenstein","Western",1,"Science",NA,0.869086111672867,0.514830072599556,0.798288610017246,0.812165895080485,0.724424413289378,0.85679894558025,0.955492010892474,0.944257365517095,1.08511115813155,0.628151514404345,NA,NA,NA,NA,NA,NA,NA,NA,NA,NA,NA,NA,NA,NA,NA,NA,NA,NA,NA,NA,NA,NA,NA,NA,NA,NA,NA,NA,NA,NA,NA,NA,NA,NA,NA,NA,NA,NA,NA,NA,NA,NA,NA,NA,NA,NA,NA,NA,NA,NA,NA,NA,NA,NA,NA,NA,NA,NA,NA,NA,NA,NA,NA,NA,NA
"75","Macao-China","Eastern",1,"Science",NA,0.869086111672867,-1.17313737854653,1.4943440737925,1.39031788818863,1.09687912449214,0.629558718904355,0.456703359203092,0.371980174294612,0.880801525847368,0.841687439980893,NA,NA,NA,NA,NA,NA,NA,NA,NA,NA,NA,NA,NA,NA,NA,NA,NA,NA,NA,NA,NA,NA,NA,NA,NA,NA,NA,NA,NA,NA,NA,NA,NA,NA,NA,NA,NA,NA,NA,NA,NA,NA,NA,NA,NA,NA,NA,NA,NA,NA,NA,NA,NA,NA,NA,NA,NA,NA,NA,NA,NA,NA,NA,NA,NA
"76","Russian Federation","Eastern",1,"Science",NA,0.0302898644818964,0.177236582370339,0.0152262132700831,-0.0137655236454319,0.0291756190442169,0.0304708485769955,0.0826118704360545,0.138830207500268,0.0862640669644332,-0.0124562623252981,NA,NA,NA,NA,NA,NA,NA,NA,NA,NA,NA,NA,NA,NA,NA,NA,NA,NA,NA,NA,NA,NA,NA,NA,NA,NA,NA,NA,0.0955202381408842,0.39147789472539,0.0736744735132159,NA,0.0252641276079508,0.272025886626048,NA,0.295375434930773,0.0524837729148075,0.109008507641209,NA,NA,NA,NA,NA,NA,NA,NA,NA,NA,NA,NA,NA,NA,NA,NA,NA,NA,NA,NA,NA,NA,NA,NA,NA,NA,NA
"77","Serbia","Eastern",1,"Science",NA,-1.20460461054925,-1.73579319559522,-0.535817695551995,-0.757103800498757,-1.01369757232353,-1.33297051147837,-1.43453694511915,-1.47202410853339,-1.27580014826346,-1.10386210416099,NA,NA,NA,NA,NA,NA,NA,NA,NA,NA,NA,NA,NA,NA,NA,NA,NA,NA,NA,NA,NA,NA,NA,NA,NA,NA,NA,NA,-0.987914791731066,1.77016091528002,-1.36879416579816,NA,-1.15709704444417,-0.0464434440581062,NA,0.071435906817497,-1.08116572204506,-0.895427027052787,NA,NA,NA,NA,NA,NA,NA,NA,NA,NA,NA,NA,NA,NA,NA,NA,NA,NA,NA,NA,NA,NA,NA,NA,NA,NA,NA
"78","Thailand","Western",1,"Science",NA,-1.36770388083639,-1.9608555224147,-0.593822317533266,-0.839696942371349,-1.18750977088482,-1.58086894057935,-1.58001696852855,-1.57800136616718,-1.48010978054764,-1.24621938787869,NA,NA,NA,NA,NA,NA,NA,NA,NA,NA,NA,NA,NA,NA,NA,NA,NA,NA,NA,NA,NA,NA,NA,NA,NA,NA,NA,NA,NA,NA,NA,NA,NA,NA,NA,NA,NA,NA,NA,NA,NA,NA,NA,NA,NA,NA,NA,NA,NA,NA,NA,NA,NA,NA,NA,NA,NA,NA,NA,NA,NA,NA,NA,NA,NA
"79","Tunisia","Western",1,"Science",NA,-2.3928992940698,-1.28566854195627,-2.30495866598077,-2.35390454336886,-2.37936484673366,-2.32456422788228,-2.3905485275238,-2.44701487876428,-2.50165794196855,-2.26644658785552,NA,NA,NA,NA,NA,NA,NA,NA,NA,NA,NA,NA,NA,NA,NA,NA,NA,NA,NA,NA,NA,NA,NA,NA,NA,NA,NA,NA,-2.495302659379,-1.90632713953233,-1.88063787652155,NA,-2.29398278680198,-0.691343838693519,NA,-0.62927810050469,-2.38013910168658,-2.60063153944027,NA,NA,NA,NA,NA,NA,NA,NA,NA,NA,NA,NA,NA,NA,NA,NA,NA,NA,NA,NA,NA,NA,NA,NA,NA,NA,NA
"80","Uruguay","Western",1,"Science",NA,-1.15800481903864,1.19001705305799,-1.92792862310251,-1.74822150296986,-1.43581291168666,-0.837173653276422,-0.707136828072135,-0.687792402043318,-1.11689265648687,-1.17504074601984,NA,NA,NA,NA,NA,NA,NA,NA,NA,NA,NA,NA,NA,NA,NA,NA,NA,NA,NA,NA,NA,NA,NA,NA,NA,NA,NA,NA,NA,NA,NA,NA,NA,NA,NA,NA,NA,NA,NA,NA,NA,NA,NA,NA,NA,NA,NA,NA,NA,NA,NA,NA,NA,NA,NA,NA,NA,NA,NA,NA,NA,NA,NA,NA,NA
"81","Australia","Western",3,"Math",NA,0.40435200192255,0.805193818624158,0.298268606521384,0.352782167209812,0.319988050698084,0.44878123850578,0.53670356885448,0.585909648293778,0.425067015135947,0.385969468517717,NA,NA,NA,NA,NA,NA,NA,NA,NA,NA,NA,NA,NA,NA,NA,0.26080057840171,0.296570318493316,0.19255969367893,0.511224969989149,0.531151530314505,0.486338658380966,0.31097283402297,0.314341367746578,0.307380461460121,0.570746507445856,0.541911550115294,0.582432800092068,NA,0.108173195280775,0.28745534733906,0.135663326465351,0.0855238763903088,0.0141026650223169,0.089248403537361,0.269571014503483,0.381426944833329,0.161452809181691,0.0393169228292124,0.198596567072167,-0.0353469033564941,NA,0.0814150748994647,0.42532114963568,0.153733124252101,0.242270724444244,-0.0846576006963387,0.014308843437514,NA,NA,-0.0163399751519427,0.180098319611161,0.351523515753992,0.500170442811505,NA,NA,NA,NA,NA,NA,NA,NA,NA,NA,NA,NA
"82","Austria","Western",3,"Math",NA,0.449217688682333,0.240145524852819,0.44852986925256,0.408120546379978,0.392030388566321,0.468638815430814,0.416992735652737,0.401532486243289,0.579636838821746,0.294885228159554,NA,NA,NA,NA,NA,NA,NA,NA,NA,NA,NA,NA,NA,NA,NA,0.3447605231588,0.570489617989807,0.129938655084156,0.450183182527758,0.590664306820332,0.320423551044176,0.529199384214528,0.616800415750158,0.461345629991129,0.351228619966681,0.470685497526209,0.207476061835372,NA,NA,NA,NA,NA,NA,NA,NA,NA,NA,NA,NA,NA,NA,NA,NA,NA,NA,NA,NA,NA,NA,NA,NA,NA,NA,NA,NA,NA,NA,NA,NA,NA,NA,NA,NA,NA,NA
"83","Belgium","Western",3,"Math",NA,0.65111327910136,1.65276625928117,0.117955091243973,0.242105408869479,0.464072726434557,0.806217623156401,0.855932457392461,0.872718567038985,0.645881048972803,0.636451129502667,NA,NA,NA,NA,NA,NA,NA,NA,NA,NA,NA,NA,NA,NA,NA,0.51268041267298,0.549418902643923,0.484791207121208,0.59261401993767,0.570826714651723,0.610774988883558,0.725603279386931,0.724821504322865,0.703290894825571,0.570746507445856,0.541911550115294,0.582432800092068,NA,NA,NA,NA,NA,NA,NA,NA,NA,NA,NA,NA,NA,NA,NA,NA,NA,NA,NA,NA,NA,NA,NA,NA,NA,NA,NA,NA,NA,NA,NA,NA,NA,NA,NA,NA,NA,NA
"84","Canada","Western",3,"Math",NA,0.718411809241035,-0.183640695475685,0.959418162538557,0.906165958911477,0.800270303152995,0.62749943083109,0.596558985455351,0.585909648293778,0.712125259123859,0.72753536986083,NA,NA,NA,NA,NA,NA,NA,NA,NA,NA,NA,NA,NA,NA,NA,0.533670398862252,0.486206756606271,0.589159604779164,0.836781169783234,0.868390597180858,0.797429484637447,0.638312659310307,0.638404633464699,0.659300846673855,0.765873518538457,0.779331725412247,0.782409727162306,NA,NA,NA,NA,NA,NA,NA,NA,NA,NA,NA,NA,NA,NA,NA,NA,NA,NA,NA,NA,NA,NA,NA,NA,NA,NA,NA,NA,NA,NA,NA,NA,NA,NA,NA,NA,NA,NA
"86","Czech Republic","Eastern",3,"Math",NA,0.292187785023091,0.663931745181323,0.178059596336443,0.214436219284395,0.199917487584356,0.349493353880607,0.357137319051866,0.381046134904346,0.314659998217519,0.272114168070013,NA,NA,NA,NA,NA,NA,NA,NA,NA,NA,NA,NA,NA,NA,NA,0.302780550780255,0.359782464530968,0.213433373210521,0.307752345117846,0.293100424291197,0.341162939461274,0.420086109118749,0.422362456319285,0.417355581839413,0.0829289797143547,0.114555234580779,0.0574933665326937,NA,NA,NA,NA,NA,NA,NA,NA,NA,NA,NA,NA,NA,NA,NA,NA,NA,NA,NA,NA,NA,NA,NA,NA,NA,NA,NA,NA,NA,NA,NA,NA,NA,NA,NA,NA,NA,NA
"87","Denmark","Western",3,"Math",NA,0.314620628402982,-1.17247520957553,0.749052394714911,0.657143252645727,0.488086839057303,0.150917584630263,0.0778120415811324,0.0122918108033664,0.35882280498489,0.272114168070013,NA,NA,NA,NA,NA,NA,NA,NA,NA,NA,NA,NA,NA,NA,NA,0.26080057840171,0.254428887801548,0.276054411805295,0.206016032682194,0.273262832122588,0.133769055290287,0.354618144061282,0.422362456319285,0.307380461460121,0.497573878286131,0.56565356764499,0.43245010478939,NA,NA,NA,NA,NA,NA,NA,NA,NA,NA,NA,NA,NA,NA,NA,NA,NA,NA,NA,NA,NA,NA,NA,NA,NA,NA,NA,NA,NA,NA,NA,NA,NA,NA,NA,NA,NA,NA
"89","Finland","Western",3,"Math",NA,0.740844652620927,-0.748688989247023,1.13973167781597,1.09985028600706,0.944354978889468,0.567926700055987,0.516751763320856,0.462991540260119,0.579636838821746,0.886932790487616,NA,NA,NA,NA,NA,NA,NA,NA,NA,NA,NA,NA,NA,NA,NA,0.470700440294435,0.296570318493316,0.630906963842347,0.735044857347582,0.650177083326159,0.838908261471645,0.900184519540177,0.746425722037406,1.03321625596345,0.839046147698182,0.660621637763771,1.00738377011632,NA,0.257951465669539,-1.41598374800352,0.755838533164098,0.643012848416025,0.417035951374229,0.0730214210760226,-0.0967957696865787,-0.210260282608954,0.209888651936198,0.311347524025925,0.424411952981636,0.0117823011188314,NA,0.127390646607398,0.550186074299366,0.436269676931638,0.397946691958618,0.108845486609578,-0.0620049882292275,NA,NA,0.183584426707121,0.0739350996298451,0.605016529931518,0.500170442811505,NA,NA,NA,NA,NA,NA,NA,NA,NA,NA,NA,NA
"90","France","Western",3,"Math",NA,0.202456411503523,0.946455892066993,-0.242671939310848,-0.117594055736604,0.12787514971612,0.329635776955573,0.357137319051866,0.360559783565402,0.182171577915406,0.226572047890931,NA,NA,NA,NA,NA,NA,NA,NA,NA,NA,NA,NA,NA,NA,NA,0.0928806888875308,0.106933880380361,0.0881912960209736,0.267057820143585,0.293100424291197,0.237465997375781,0.223682213946347,0.227924496888412,0.241395389232546,0.180492485260655,0.0908132170510842,0.282467409486711,NA,NA,NA,NA,NA,NA,NA,NA,NA,NA,NA,NA,NA,NA,NA,NA,NA,NA,NA,NA,NA,NA,NA,NA,NA,NA,NA,NA,NA,NA,NA,NA,NA,NA,NA,NA,NA,NA
"91","Germany","Western",3,"Math",NA,0.628680435721468,0.805193818624158,0.44852986925256,0.435789735965061,0.560129176925539,0.687072161606194,0.676366207589847,0.667855053649552,0.645881048972803,0.590909009323585,NA,NA,NA,NA,NA,NA,NA,NA,NA,NA,NA,NA,NA,NA,NA,0.470700440294435,0.486206756606271,0.463917527589617,0.653655807399061,0.650177083326159,0.631514377300657,0.681957969348619,0.724821504322865,0.637305822597996,0.595137383832431,0.660621637763771,0.532438568324509,NA,NA,NA,NA,NA,NA,NA,NA,NA,NA,NA,NA,NA,NA,NA,NA,NA,NA,NA,NA,NA,NA,NA,NA,NA,NA,NA,NA,NA,NA,NA,NA,NA,NA,NA,NA,NA,NA
"92","Greece","Western",3,"Math",NA,-0.739723010451934,-0.324902768918519,-0.903821495328021,-0.864662174533852,-0.736632904702719,-0.702958223146221,-0.72026017976382,-0.766189540076479,-0.745247364199388,-0.729812475869785,NA,NA,NA,NA,NA,NA,NA,NA,NA,NA,NA,NA,NA,NA,NA,-1.01958857914391,-1.05195546364325,-0.95549268055859,-0.77065256670006,-0.797967144982297,-0.737285258227861,-0.671046641839041,-0.636244211693245,-0.682395621953505,-0.600015559109747,-0.597705291310079,-0.5674345305618,NA,NA,NA,NA,NA,NA,NA,NA,NA,NA,NA,NA,NA,NA,NA,NA,NA,NA,NA,NA,NA,NA,NA,NA,NA,NA,NA,NA,NA,NA,NA,NA,NA,NA,NA,NA,NA,NA
"93","Hungary","Western",3,"Math",NA,-0.20133476933453,0.522669671738489,-0.332828696949554,-0.311278382832187,-0.3043788774933,-0.166803646170289,-0.00199518055336283,0.053264513481253,-0.193212279607249,-0.183307033720804,NA,NA,NA,NA,NA,NA,NA,NA,NA,NA,NA,NA,NA,NA,NA,-0.221969103951556,-0.209126849807898,-0.245787576484487,-0.0584983796504996,-0.0639762347437644,-0.0114066636294046,-0.212770886436769,-0.225764075116958,-0.198505092284621,-0.209761536924546,-0.217833010834954,-0.217474908188884,NA,0.108173195280775,0.713315121174703,-0.226105544108918,-0.117199386164497,0.0624546593845463,0.20283728076673,0.202958871923472,0.212373451278391,0.145307528263522,0.0733207479788015,0.150207555805852,0.0746212404192654,NA,0.112065456038087,0.159983184725347,0.120493529819214,0.164432740687057,0.0927202293340852,0.0753599087709073,NA,NA,0.0913116258490915,0.134599796762026,0.0821871881903699,0.226312861956536,NA,NA,NA,NA,NA,NA,NA,NA,NA,NA,NA,NA
"94","Iceland","Western",3,"Math",NA,0.15759072474374,0.240145524852819,0.0277983336052678,0.076090271358979,0.175903374961611,0.170775161555297,0.177571069249251,0.135209918837026,-0.0165610525377642,0.340427348338636,NA,NA,NA,NA,NA,NA,NA,NA,NA,NA,NA,NA,NA,NA,NA,0.0928806888875308,-0.145914703770246,0.338675450400069,0.0635851952722822,-0.0639762347437644,0.175247832124484,0.223682213946347,0.0766949728866223,0.395360557763554,0.278055990806955,0.0670711995213889,0.507441452440729,NA,NA,NA,NA,NA,NA,NA,NA,NA,NA,NA,NA,NA,NA,NA,NA,NA,NA,NA,NA,NA,NA,NA,NA,NA,NA,NA,NA,NA,NA,NA,NA,NA,NA,NA,NA,NA,NA
"95","Ireland","Western",3,"Math",NA,0.337053471782874,-0.748688989247023,0.62884338452997,0.601804873475561,0.512100951680048,0.210490315405366,0.137667458182004,0.114723567498083,0.402985611752261,0.294885228159554,NA,NA,NA,NA,NA,NA,NA,NA,NA,NA,NA,NA,NA,NA,NA,-0.138009159194466,-0.0405611270408268,-0.245787576484487,0.348446870092107,0.392288385134242,0.299684162627077,0.420086109118749,0.465570891748368,0.373365533687696,0.595137383832431,0.660621637763771,0.507441452440729,NA,NA,NA,NA,NA,NA,NA,NA,NA,NA,NA,NA,NA,NA,NA,NA,NA,NA,NA,NA,NA,NA,NA,NA,NA,NA,NA,NA,NA,NA,NA,NA,NA,NA,NA,NA,NA,NA
"97","Italy","Western",3,"Math",NA,-0.0218720222953951,0.381407598295654,-0.152515181672143,-0.0899248661515206,-0.0642377512658446,0.0317721230800556,0.0778120415811324,0.0942372161591396,0.0717645609969781,-0.114993853452182,NA,NA,NA,NA,NA,NA,NA,NA,NA,NA,NA,NA,NA,NA,NA,0.0509007165089859,0.128004595726245,-0.0161771016369828,-0.139887429599021,-0.0441386425751555,-0.26027932463459,0.114568938850568,0.184716061459329,0.0214451484739624,-0.0634162786050958,0.0433291819916936,-0.142483560537544,NA,-0.00832101502159804,-0.734608109866486,0.187344593690246,0.13620469202901,0.0946893222926993,-0.089248403537361,-0.196713983556596,-0.244070981319942,0.0807264045908455,-0.0796964651943494,-0.0756078301036169,-0.00392743370627712,NA,0.280642552300508,-0.120962895767946,-0.178662820076766,0.0243243699241209,-0.0846576006963387,0.0753599087709073,NA,NA,0.260478427422145,0.286261539592477,-0.218835766145443,-0.0323304088509338,NA,NA,NA,NA,NA,NA,NA,NA,NA,NA,NA,NA
"98","Japan","Eastern",3,"Math",NA,1.12220299007909,0.522669671738489,1.1697839303622,1.26586542351756,1.18449610511692,1.08422370010688,1.07540231826232,1.05709572908947,1.19791613356494,1.0463302111144,NA,NA,NA,NA,NA,NA,NA,NA,NA,NA,NA,NA,NA,NA,NA,1.54118973594733,1.56081323924635,1.48672782463759,1.18268463206445,1.28498003272165,1.06704153405973,0.703780624367775,0.789634157466489,0.59331577444628,1.05856403517736,1.08797795329829,1.0323808860001,NA,1.18990514808852,0.28745534733906,1.1003803146634,1.11603379437724,1.14231586680767,1.22513717583105,1.20214101062364,1.20978906325252,1.21089606886268,1.16144315276565,0.908302065644784,1.23714161747729,NA,1.41470665442952,1.12768635086891,0.885004201775609,0.927244981507488,1.18923772406761,1.28111844910542,NA,NA,1.3677520377185,1.43889078510391,1.11200255828657,1.13917146480643,NA,NA,NA,NA,NA,NA,NA,NA,NA,NA,NA,NA
"99","Korea","Eastern",3,"Math",NA,1.52599417091714,1.22898003895266,1.44025420327832,1.54255731936839,1.49667956921262,1.50123281553261,1.51434204000205,1.54876816122411,1.5732999910876,1.4334382326366,NA,NA,NA,NA,NA,NA,NA,NA,NA,NA,NA,NA,NA,NA,NA,1.85603952878642,1.91901540012638,1.77895933807987,1.52858809434566,1.60238150741939,1.41961113715041,1.11841106973174,1.13530164089915,1.09920132819102,1.30247279904311,1.37288216365463,1.18236358130278,NA,1.90551243994595,0.713315121174703,1.61719298691236,1.69041637161586,1.78700912497073,1.97157836905261,2.03479279287378,2.03815118167172,1.88899786742578,1.90952730605661,1.89221196139319,1.97549915425739,NA,1.81316160923161,1.70518662743846,1.89881183197865,1.87686838334517,1.97937533056678,1.95268016777275,NA,NA,1.81373724186564,1.80287896789699,1.66651852679991,1.71731524661136,NA,NA,NA,NA,NA,NA,NA,NA,NA,NA,NA,NA
"100","Luxembourg","Western",3,"Math",NA,0.0902921946040641,0.663931745181323,-0.122462929125908,-0.17293243490677,-0.040223638643099,0.190632738480332,0.197522874782875,0.196668972853856,0.248415788066463,-0.0922227933626407,NA,NA,NA,NA,NA,NA,NA,NA,NA,NA,NA,NA,NA,NA,NA,0.0299107303197135,0.233358172455664,-0.162292858358122,0.0839324577594125,0.23358764778537,-0.0943642172977996,0.201859558927191,0.335945585461119,0.0434401725498208,-0.0390254022185207,0.138297252110475,-0.242472024072663,NA,NA,NA,NA,NA,NA,NA,NA,NA,NA,NA,NA,NA,NA,NA,NA,NA,NA,NA,NA,NA,NA,NA,NA,NA,NA,NA,NA,NA,NA,NA,NA,NA,NA,NA,NA,NA,NA
"101","Mexico","Western",3,"Math",NA,-1.63703674564761,-2.3025717971182,-1.29450077842908,-1.36270758706535,-1.48107039600783,-1.71569464632298,-1.85751309518038,-1.95439791773519,-1.56225928939575,-1.70896805972004,NA,NA,NA,NA,NA,NA,NA,NA,NA,NA,NA,NA,NA,NA,NA,-1.50235826149717,-1.45229905521505,-1.56082938697474,-1.6048903286724,-1.55179564738944,-1.67055773699731,-1.56577549762443,-1.47880870256036,-1.65017668129127,-1.74638674927878,-1.68983809767606,-1.79229320886701,NA,NA,NA,NA,NA,NA,NA,NA,NA,NA,NA,NA,NA,NA,NA,NA,NA,NA,NA,NA,NA,NA,NA,NA,NA,NA,NA,NA,NA,NA,NA,NA,NA,NA,NA,NA,NA,NA
"102","Netherlands","Western",3,"Math",NA,0.830576026140495,0.240145524852819,0.869261404899851,0.76782001098606,0.800270303152995,0.84593277700647,0.69631801312347,0.626882350971665,0.822532276042287,0.841390670308535,NA,NA,NA,NA,NA,NA,NA,NA,NA,NA,NA,NA,NA,NA,NA,0.470700440294435,0.486206756606271,0.463917527589617,0.694350332373322,0.670014675494768,0.714471930969052,1.00929779463596,1.0056763346119,1.01122123188759,1.15612754072366,1.13546198835768,1.157366465419,NA,NA,NA,NA,NA,NA,NA,NA,NA,NA,NA,NA,NA,NA,NA,NA,NA,NA,NA,NA,NA,NA,NA,NA,NA,NA,NA,NA,NA,NA,NA,NA,NA,NA,NA,NA,NA,NA
"103","New Zealand","Western",3,"Math",NA,0.314620628402982,1.3702421123955,0.057850586151503,0.0484210817738957,0.103861037093374,0.428923661580745,0.576607179921727,0.626882350971665,0.35882280498489,0.249343107980472,NA,NA,NA,NA,NA,NA,NA,NA,NA,NA,NA,NA,NA,NA,NA,0.134860661266076,0.254428887801548,0.00469657789460851,0.348446870092107,0.412125977302851,0.258205385792879,0.289150179003814,0.335945585461119,0.241395389232546,0.521964754672706,0.494427515055904,0.532438568324509,NA,-0.174741315453559,0.28745534733906,-0.260559722258848,-0.286135438293502,-0.259891969696983,-0.105475385998699,-0.0634896983965731,-0.0919228371204975,-0.0484358427545073,-0.334725153816268,-0.140126511792037,-0.302412395383339,NA,-0.163787974209511,0.0975507223935045,-0.29500140059187,-0.00681082357875385,-0.439413260757186,-0.168844352562666,NA,NA,-0.339294778155045,-0.00189577178538064,-0.0128726921262025,0.19588424186154,NA,NA,NA,NA,NA,NA,NA,NA,NA,NA,NA,NA
"104","Norway","Western",3,"Math",NA,0.0678593512241723,-0.04237862203285,0.0879028386977381,0.103759460944062,0.103861037093374,0.0714872769301246,0.017956624980261,0.0737508648201963,-0.0165610525377642,0.158258867622309,NA,NA,NA,NA,NA,NA,NA,NA,NA,NA,NA,NA,NA,NA,NA,-0.0960291868159212,-0.230197565153782,0.0255702574261998,-0.119540167111891,-0.183001787755418,-0.0736248288807008,0.136391593869724,0.0766949728866223,0.219400365156688,0.30244686719353,0.185781287169865,0.40745298890561,NA,-0.391087706015108,-1.41598374800352,0.0839820592404553,-0.0327313600999947,-0.211539975334754,-0.559830894916173,-0.76291719548669,-0.886474256828705,-0.419777303872397,-0.368728978965857,-0.140126511792037,-0.930801788387678,NA,-0.500942166734353,0.0975507223935045,-0.0789440367781059,-0.178054387844565,-0.955421493572965,-0.901457136563385,NA,NA,-0.446946379156079,-0.547878045975006,0.161403755120847,0.0437411413865575,NA,NA,NA,NA,NA,NA,NA,NA,NA,NA,NA,NA
"105","Poland","Western",3,"Math",NA,0.718411809241035,-0.04237862203285,1.04957492017726,0.906165958911477,0.728227965284758,0.62749943083109,0.656414402056223,0.708827756327438,0.645881048972803,0.795848550129453,NA,NA,NA,NA,NA,NA,NA,NA,NA,NA,NA,NA,NA,NA,NA,0.827530205512066,0.760126056102762,0.902264797753033,0.511224969989149,0.43196356947146,0.610774988883558,0.725603279386931,0.660008851179241,0.769275967053146,0.790264394925032,0.708105672823161,0.882398190697425,NA,NA,NA,NA,NA,NA,NA,NA,NA,NA,NA,NA,NA,NA,NA,NA,NA,NA,NA,NA,NA,NA,NA,NA,NA,NA,NA,NA,NA,NA,NA,NA,NA,NA,NA,NA,NA,NA
"106","Portugal","Western",3,"Math",NA,0.0229936644643886,0.522669671738489,-0.152515181672143,-0.17293243490677,-0.0642377512658446,0.111202430780194,0.137667458182004,0.114723567498083,0.0496831576132925,-0.0011385530044773,NA,NA,NA,NA,NA,NA,NA,NA,NA,NA,NA,NA,NA,NA,NA,0.134860661266076,0.128004595726245,0.129938655084156,0.0432379327851519,0.0352117260992805,0.0508115016218917,-0.10365761134099,-0.0745345511151676,-0.132520020057046,0.0341472269412046,0.0908132170510842,-0.0174979811186455,NA,NA,NA,NA,NA,NA,NA,NA,NA,NA,NA,NA,NA,NA,NA,NA,NA,NA,NA,NA,NA,NA,NA,NA,NA,NA,NA,NA,NA,NA,NA,NA,NA,NA,NA,NA,NA,NA
"107","Slovak Republic","Eastern",3,"Math",NA,-0.0891705524350705,1.51150418583833,-0.72350798005061,-0.477293520342686,-0.256350652247809,0.0913448538551591,0.197522874782875,0.258128026870686,-0.104886666072506,-0.0922227933626407,NA,NA,NA,NA,NA,NA,NA,NA,NA,NA,NA,NA,NA,NA,NA,0.113870675076803,0.0858631650344767,0.109064975552565,-0.200929217060412,-0.242514564261245,-0.156582382549096,0.00545566375478895,0.0334865374575394,-0.000549875601895959,-0.307325042470847,-0.265317045894345,-0.367457603491562,NA,NA,NA,NA,NA,NA,NA,NA,NA,NA,NA,NA,NA,NA,NA,NA,NA,NA,NA,NA,NA,NA,NA,NA,NA,NA,NA,NA,NA,NA,NA,NA,NA,NA,NA,NA,NA,NA
"109","Spain","Western",3,"Math",NA,-0.0443048656752869,-0.324902768918519,0.0277983336052678,0.0207518921888124,0.00780458660239202,-0.0476581846200823,-0.121706013755106,-0.172085351247123,0.0276017542296069,-0.114993853452182,NA,NA,NA,NA,NA,NA,NA,NA,NA,NA,NA,NA,NA,NA,NA,-0.158999145383739,-0.124843988424362,-0.183166537889713,-0.0381511171633693,0.0352117260992805,-0.135842994131997,0.114568938850568,0.227924496888412,-0.000549875601895959,0.0585381033277796,0.16203926964017,-0.067492212886205,NA,NA,NA,NA,NA,NA,NA,NA,NA,NA,NA,NA,NA,NA,NA,NA,NA,NA,NA,NA,NA,NA,NA,NA,NA,NA,NA,NA,NA,NA,NA,NA,NA,NA,NA,NA,NA,NA
"110","Sweden","Western",3,"Math",NA,-0.178901925954638,0.240145524852819,-0.272724191857083,-0.25594000366202,-0.208322427002318,-0.107230915395186,-0.141657819288729,-0.15159899990818,-0.303619296525676,-0.0239096130940182,NA,NA,NA,NA,NA,NA,NA,NA,NA,NA,NA,NA,NA,NA,NA,-0.326919034897918,-0.461975433958505,-0.204040217421304,-0.302665529496063,-0.440890485947335,-0.156582382549096,-0.0818349563218343,-0.26897251054604,0.0874302207015375,-0.0390254022185207,-0.146606958245869,0.0574933665326937,NA,-0.241309435626343,-1.16046788370213,0.118436237390386,0.0517366659645078,-0.0664839922480654,-0.365107105380113,-0.546427732101654,-0.666704715207286,-0.274469775608875,-0.198709853217911,0.0534295332732226,-0.506638948109749,NA,-0.577568119580908,-0.042922317853142,0.103873732602771,-0.00681082357875385,-0.487789032583666,-0.519887978229677,NA,NA,-0.539219180014109,-0.608542743107186,0.0346572480320837,-0.108401959088425,NA,NA,NA,NA,NA,NA,NA,NA,NA,NA,NA,NA
"111","Switzerland","Western",3,"Math",NA,1.01003877317963,0.522669671738489,1.0796271727235,1.07218109642198,1.0163973167577,0.965078238556677,0.95569148506058,0.954663972394758,1.02126490649546,0.97801703084578,NA,NA,NA,NA,NA,NA,NA,NA,NA,NA,NA,NA,NA,NA,NA,1.24732992929752,1.30796465509574,1.2153699907269,0.938517482218885,0.947740965855294,0.92186581514004,0.9874751396168,0.984072116897362,0.98922620781173,0.912218776857907,0.969267865649809,0.832403958929866,NA,NA,NA,NA,NA,NA,NA,NA,NA,NA,NA,NA,NA,NA,NA,NA,NA,NA,NA,NA,NA,NA,NA,NA,NA,NA,NA,NA,NA,NA,NA,NA,NA,NA,NA,NA,NA,NA
"112","Turkey","Western",3,"Math",NA,-0.851887227351393,0.0988834514099847,-0.753560232596845,-0.836992984948769,-1.00078814355292,-0.822103684696427,-0.520742124427582,-0.417921567314443,-0.855654381117815,-0.843667776317489,NA,NA,NA,NA,NA,NA,NA,NA,NA,NA,NA,NA,NA,NA,NA,-0.872658675819002,-0.904460456222067,-0.830250603369042,-0.7299580417258,-0.797967144982297,-0.633588316142367,-0.954741157088067,-0.895494824267742,-1.01232098309138,-0.917096952135223,-0.858867484136727,-0.942391268818496,NA,-0.773854397008618,2.67227008081866,-1.51813722473131,-1.36732617191913,-1.13022786821711,-0.413788052764128,0.0197754798284408,0.263089499344872,-0.823409326826624,-0.691765317886953,-1.05951772585202,-0.569477887410183,NA,-0.60821850071953,-0.620422594422689,-1.04289227533182,-1.06540740267649,-0.487789032583666,-0.641990108896464,NA,NA,-0.493082779585094,-0.714705963088502,-0.50401540709516,-0.716974360988355,NA,NA,NA,NA,NA,NA,NA,NA,NA,NA,NA,NA
"114","United States","Western",3,"Math",NA,-0.111603395814962,-0.04237862203285,0.0277983336052678,-0.0345864869813541,-0.136280089134081,-0.107230915395186,-0.0618505971542343,-0.00819454053557685,-0.149049472839878,-0.046680673183559,NA,NA,NA,NA,NA,NA,NA,NA,NA,NA,NA,NA,NA,NA,NA,-0.452858952033553,-0.525187579996157,-0.350155974142443,0.0839324577594125,0.0352117260992805,0.133769055290287,-0.169125576398457,-0.204159857402416,-0.132520020057046,0.0829289797143547,0.0195871644619983,0.157481830067813,NA,0.174741315453559,-0.393920290797971,0.342388395364933,0.288247138945115,0.207510642471235,0.121702368460038,0.086387622408452,0.0940360057899342,0.193743371018029,0.175332223427569,0.214726237494272,0.325976997621001,NA,-0.133137593070889,0.316064340554955,0.203592515901431,0.226703127692807,0.302348573915495,0.334826936437829,NA,NA,-0.170127976581992,-0.108058991766697,0.303993575595705,0.332813032289024,NA,NA,NA,NA,NA,NA,NA,NA,NA,NA,NA,NA
"117","Brazil","Western",3,"Math",NA,-2.13055930000523,-1.73752350334687,-1.89554582935378,-1.97142975793718,-2.08142321157647,-2.15256133867374,-2.15679017818473,-2.13877507978568,-1.98180595368578,-2.23270244177948,NA,NA,NA,NA,NA,NA,NA,NA,NA,NA,NA,NA,NA,NA,NA,-2.17403781955389,-2.08442051559157,-2.24966081151725,-2.2763499907477,-2.10724822811049,-2.43791510842996,-2.0240512530267,-1.88928883913665,-2.13406721096016,-2.0146863895311,-1.90351625544332,-2.11725571535614,NA,NA,NA,NA,NA,NA,NA,NA,NA,NA,NA,NA,NA,NA,NA,NA,NA,NA,NA,NA,NA,NA,NA,NA,NA,NA,NA,NA,NA,NA,NA,NA,NA,NA,NA,NA,NA,NA
"123","Hong Kong SAR","Eastern",3,"Math",NA,1.68302407457638,0.805193818624158,1.59051546600949,1.68090326729381,1.80886303330831,1.60052070015778,1.51434204000205,1.52828180988517,1.70578841138971,1.63837777344246,NA,NA,NA,NA,NA,NA,NA,NA,NA,NA,NA,NA,NA,NA,NA,1.73009961165078,1.77152039270519,1.63284358135873,1.63032440678132,1.66189428392522,1.5855262444872,1.75126806528725,1.71861551919177,1.75905205046677,1.66833594484173,1.68152839154067,1.6573087830946,NA,1.45617762877966,0.202283392571931,1.1520615818883,1.31875705693205,1.49689715879735,1.45231493028978,1.36867136707367,1.29431581002999,1.3562035971262,1.53548522941113,1.40832184873004,1.4413681702037,NA,1.58328375069194,1.15890258203483,1.5331762932169,1.28529970679055,1.47949235502649,1.38795781343886,NA,NA,1.7060856408646,1.46922313367,1.25459237876143,1.06309991456894,NA,NA,NA,NA,NA,NA,NA,NA,NA,NA,NA,NA
"124","Indonesia","Eastern",3,"Math",NA,-2.4894847940835,-2.72635801744671,-2.1660161022699,-2.24812165378802,-2.32156433780392,-2.5894280310245,-2.67553712205895,-2.73287926861503,-2.51175963489423,-2.46041304267489,NA,NA,NA,NA,NA,NA,NA,NA,NA,NA,NA,NA,NA,NA,NA,-2.13205784717535,-2.08442051559157,-2.20791345245407,-2.43912809064475,-2.46432488714545,-2.37569694317866,-2.70055355862053,-2.73185333000376,-2.6399527647049,-2.45372216448945,-2.4970666936857,-2.39222399007772,NA,-1.87222837985956,0.202283392571931,-1.94881445160544,-1.89102793351905,-1.83939045219648,-1.82553552690057,-1.79540540547686,-1.78245777266988,-1.93743371018029,-1.7968896352486,-2.02729795117831,-1.55919118139202,NA,-1.78825817455648,-2.04076111247211,-1.92374152780332,-2.1084363850228,-1.48755498366424,-1.61880715423076,NA,NA,-1.70800799088248,-1.85216903431689,-1.97744355200203,-2.0862622652632,NA,NA,NA,NA,NA,NA,NA,NA,NA,NA,NA,NA
"127","Latvia","Eastern",3,"Math",NA,0.112725037983956,-1.17247520957553,0.658895637076205,0.491128115135228,0.247945712829847,-0.0476581846200823,-0.121706013755106,-0.172085351247123,-0.0386424559214497,0.272114168070013,NA,NA,NA,NA,NA,NA,NA,NA,NA,NA,NA,NA,NA,NA,NA,0.26080057840171,0.0858631650344767,0.422170168526434,0.246710557656455,0.0748869104364985,0.444859881546768,0.0272783187739448,-0.0745345511151676,0.131420268853254,-0.160979784151396,-0.265317045894345,-0.0174979811186455,NA,NA,NA,NA,NA,NA,NA,NA,NA,NA,NA,NA,NA,NA,NA,NA,NA,NA,NA,NA,NA,NA,NA,NA,NA,NA,NA,NA,NA,NA,NA,NA,NA,NA,NA,NA,NA,NA
"128","Liechtenstein","Western",3,"Math",NA,1.0997701466992,0.663931745181323,0.959418162538557,0.93383514849656,1.11245376724869,1.14379643088199,1.0554505127287,0.934177621055814,1.21999753694863,0.955245970756239,NA,NA,NA,NA,NA,NA,NA,NA,NA,NA,NA,NA,NA,NA,NA,1.14237999835115,1.22368179371221,1.04838055447417,1.18268463206445,1.26514244055304,1.06704153405973,1.14023372475089,1.24332272947186,1.01122123188759,1.00978228240421,1.13546198835768,0.832403958929866,NA,NA,NA,NA,NA,NA,NA,NA,NA,NA,NA,NA,NA,NA,NA,NA,NA,NA,NA,NA,NA,NA,NA,NA,NA,NA,NA,NA,NA,NA,NA,NA,NA,NA,NA,NA,NA,NA
"130","Macao-China","Eastern",3,"Math",NA,1.16706867683887,0.522669671738489,1.22988843545467,1.26586542351756,1.25653844298516,1.12393885395695,1.07540231826232,1.03660937775053,1.08750911664651,1.27404081200981,NA,NA,NA,NA,NA,NA,NA,NA,NA,NA,NA,NA,NA,NA,NA,1.54118973594733,1.45545966251693,1.61196990182714,1.18268463206445,1.06676651886695,1.31591419506492,0.9874751396168,0.919259463753738,1.03321625596345,0.985391406017633,0.898041813060724,1.08237511776766,NA,NA,NA,NA,NA,NA,NA,NA,NA,NA,NA,NA,NA,NA,NA,NA,NA,NA,NA,NA,NA,NA,NA,NA,NA,NA,NA,NA,NA,NA,NA,NA,NA,NA,NA,NA,NA,NA
"136","Russian Federation","Eastern",3,"Math",NA,-0.0891705524350705,-0.607426915804189,0.0879028386977381,0.0484210817738957,-0.0162095260203535,-0.166803646170289,-0.161609624822353,-0.172085351247123,-0.215293682990934,0.0444035671746044,NA,NA,NA,NA,NA,NA,NA,NA,NA,NA,NA,NA,NA,NA,NA,0.239810592212438,0.128004595726245,0.35954912993166,0.144974245220803,0.0153741339306715,0.278944774209978,-0.169125576398457,-0.26897251054604,-0.066534947829471,-0.526842929950022,-0.645189326369469,-0.392454719375342,NA,0.674002216749441,-0.0532324717294555,0.652475998714307,0.659906453628926,0.658795923185376,0.673419772145542,0.652590834338547,0.618101835810241,0.645811236726764,0.7023915132462,0.537319645936371,1.01720532992578,NA,0.602471554256039,0.0663344912275831,0.535988460230298,0.538055062721554,1.06023566586367,0.975863122438458,NA,NA,0.598812030568253,0.604751199536425,0.0663438748042745,0.0589554514340557,NA,NA,NA,NA,NA,NA,NA,NA,NA,NA,NA,NA
"137","Serbia","Eastern",3,"Math",NA,-0.829454383971501,0.0988834514099847,-0.963926000420491,-0.947669743289102,-0.904731693061938,-0.802246107771393,-0.72026017976382,-0.643271432042819,-0.83357297773413,-0.843667776317489,NA,NA,NA,NA,NA,NA,NA,NA,NA,NA,NA,NA,NA,NA,NA,-0.809688717251184,-0.841248310184415,-0.746755885242677,-0.852041616648582,-0.857479921488124,-0.840982200313355,-0.649223986819885,-0.657848429407786,-0.638405573801788,-0.892706075748648,-0.811383449077336,-0.942391268818496,NA,NA,NA,NA,NA,NA,NA,NA,NA,NA,NA,NA,NA,NA,NA,NA,NA,NA,NA,NA,NA,NA,NA,NA,NA,NA,NA,NA,NA,NA,NA,NA,NA,NA,NA,NA,NA,NA
"141","Thailand","Western",3,"Math",NA,-1.32297693832912,-1.17247520957553,-1.08413501060543,-1.14135407038468,-1.24092926978038,-1.4376885693725,-1.35871795683978,-1.21688926953323,-1.58434069277944,-1.09414943730244,NA,NA,NA,NA,NA,NA,NA,NA,NA,NA,NA,NA,NA,NA,NA,-1.103548523901,-1.28373333244798,-0.913745321495408,-1.42176496628823,-1.6906587925697,-1.19355180340403,-1.45666222252865,-1.7596635328494,-1.21027619977411,-1.25856922154727,-1.52364397496819,-1.01738261646984,NA,-1.18990514808852,0.372627302106188,-1.2252767104569,-1.24907093542883,-1.22693185694157,-1.16022924598569,-1.09597790838675,-0.95409565425068,-1.32391303528987,-1.06580739453243,-1.22081443007307,-1.04076993216344,NA,-1.20590093292266,-1.18231475540927,-1.09275166698115,-1.3611917409538,-0.939296236297472,-1.16092416423031,NA,NA,-1.1543711857343,-1.26068823727813,-1.07437468899459,-1.31033245284079,NA,NA,NA,NA,NA,NA,NA,NA,NA,NA,NA,NA
"142","Tunisia","Western",3,"Math",NA,-2.1978578301449,-1.73752350334687,-2.13596384972366,-2.13744489544768,-2.15346554944471,-2.21213406944884,-2.2964528169201,-2.28217953915828,-2.09221297060421,-2.27824456195856,NA,NA,NA,NA,NA,NA,NA,NA,NA,NA,NA,NA,NA,NA,NA,-2.15304783336462,-2.00013765420803,-2.22878713198566,-2.13391915333779,-1.96838508293023,-2.25126061267607,-2.35139107831404,-2.25656054028385,-2.42000252394631,-2.08785901869083,-2.04596836062149,-2.09225859947236,NA,-1.22318920817491,-0.564264200332228,-0.966870374332421,-1.04634767287402,-1.14634519967119,-1.2900451056764,-1.27916130048178,-1.27529729200506,-1.06558854059916,-1.37184182087873,-1.12403640754044,-1.13502834111409,NA,-1.03732383666024,-1.69738256964698,-1.25894963914558,-0.956434225416433,-1.24567612453184,-1.02355926723017,NA,NA,-1.1543711857343,-0.896700054485044,-1.85069704491327,-1.52333279350576,NA,NA,NA,NA,NA,NA,NA,NA,NA,NA,NA,NA
"144","Uruguay","Western",3,"Math",NA,-1.72676811916717,-0.183640695475685,-2.13596384972366,-1.99909894752227,-1.84128208534901,-1.5568340309227,-1.5382842066424,-1.56515724229527,-1.67266630631418,-1.75451017989912,NA,NA,NA,NA,NA,NA,NA,NA,NA,NA,NA,NA,NA,NA,NA,-1.50235826149717,-1.49444048590682,-1.49820834837996,-1.68627937862092,-1.61130842389527,-1.7120365138315,-1.6312434626819,-1.60843400884761,-1.62818165721541,-1.89273200759823,-1.80854818532454,-1.96727302005347,NA,NA,NA,NA,NA,NA,NA,NA,NA,NA,NA,NA,NA,NA,NA,NA,NA,NA,NA,NA,NA,NA,NA,NA,NA,NA,NA,NA,NA,NA,NA,NA,NA,NA,NA,NA,NA,NA
"146","Australia","Western",3,"Science",NA,0.720728103063368,1.14362483885558,0.393668979716192,0.468726677202401,0.551734789367466,0.837809171358185,0.967268595867404,1.03407085155262,0.76539383449966,0.692963113828233,NA,NA,NA,NA,NA,NA,NA,NA,NA,NA,NA,NA,NA,NA,NA,NA,NA,NA,NA,NA,NA,NA,NA,NA,NA,NA,NA,NA,0.279048830681777,0.604056960309963,0.213070433983565,0.185960365676143,0.158247498193763,0.313712907155881,0.538084891843479,0.643148659666079,0.393342280055217,0.148850715042553,NA,NA,NA,NA,NA,NA,NA,NA,NA,NA,NA,NA,NA,NA,NA,NA,NA,NA,NA,NA,NA,NA,NA,NA,NA,NA,NA
"147","Austria","Western",3,"Science",NA,0.363046662337131,0.246664180929635,0.309311341205579,0.253529350509764,0.278967028331865,0.382595908783233,0.392020752510137,0.348617361139698,0.440188563392066,0.256450916141157,NA,NA,NA,NA,NA,NA,NA,NA,NA,NA,NA,NA,NA,NA,NA,NA,NA,NA,NA,NA,NA,NA,NA,NA,NA,NA,NA,NA,NA,NA,NA,NA,NA,NA,NA,NA,NA,NA,NA,NA,NA,NA,NA,NA,NA,NA,NA,NA,NA,NA,NA,NA,NA,NA,NA,NA,NA,NA,NA,NA,NA,NA,NA,NA,NA
"148","Belgium","Western",3,"Science",NA,0.339201232955382,1.25574492109632,-0.365549766879321,-0.149965637038931,0.204575820776701,0.512656840947505,0.51985360658953,0.498560312167525,0.370501719583295,0.304952271439721,NA,NA,NA,NA,NA,NA,NA,NA,NA,NA,NA,NA,NA,NA,NA,NA,NA,NA,NA,NA,NA,NA,NA,NA,NA,NA,NA,NA,NA,NA,NA,NA,NA,NA,NA,NA,NA,NA,NA,NA,NA,NA,NA,NA,NA,NA,NA,NA,NA,NA,NA,NA,NA,NA,NA,NA,NA,NA,NA,NA,NA,NA,NA,NA,NA
"149","Canada","Western",3,"Science",NA,0.816109820590365,0.134544098688892,0.871695597942996,0.899121330587676,0.898893757958231,0.75110188324867,0.732908363388517,0.777025792647776,0.835080678308431,0.814216502074643,NA,NA,NA,NA,NA,NA,NA,NA,NA,NA,NA,NA,NA,NA,NA,NA,NA,NA,NA,NA,NA,NA,NA,NA,NA,NA,NA,NA,NA,NA,NA,NA,NA,NA,NA,NA,NA,NA,NA,NA,NA,NA,NA,NA,NA,NA,NA,NA,NA,NA,NA,NA,NA,NA,NA,NA,NA,NA,NA,NA,NA,NA,NA,NA,NA
"151","Czech Republic","Eastern",3,"Science",NA,0.410737521100629,0.134544098688892,0.478026618226804,0.495626343038981,0.452546512627247,0.404272730810612,0.370715276830238,0.348617361139698,0.416959615455809,0.426205659686131,NA,NA,NA,NA,NA,NA,NA,NA,NA,NA,NA,NA,NA,NA,NA,NA,NA,NA,NA,NA,NA,NA,NA,NA,NA,NA,NA,NA,NA,NA,NA,NA,NA,NA,NA,NA,NA,NA,NA,NA,NA,NA,NA,NA,NA,NA,NA,NA,NA,NA,NA,NA,NA,NA,NA,NA,NA,NA,NA,NA,NA,NA,NA,NA,NA
"152","Denmark","Western",3,"Science",NA,0.172283227283138,0.358784263170378,-0.0281192128368708,0.119031021326865,0.179778751591646,0.209181332564204,0.221576947070947,0.220094831687275,0.300814875774525,0.0624454949469009,NA,NA,NA,NA,NA,NA,NA,NA,NA,NA,NA,NA,NA,NA,NA,NA,NA,NA,NA,NA,NA,NA,NA,NA,NA,NA,NA,NA,NA,NA,NA,NA,NA,NA,NA,NA,NA,NA,NA,NA,NA,NA,NA,NA,NA,NA,NA,NA,NA,NA,NA,NA,NA,NA,NA,NA,NA,NA,NA,NA,NA,NA,NA,NA,NA
"154","Finland","Western",3,"Science",NA,1.29301840822535,0.358784263170378,1.32160300333293,1.35641564980953,1.37003807247427,1.20631514582362,1.22293430402619,1.24827506730666,1.067370157671,1.5417368315531,NA,NA,NA,NA,NA,NA,NA,NA,NA,NA,NA,NA,NA,NA,NA,NA,NA,NA,NA,NA,NA,NA,NA,NA,NA,NA,NA,NA,1.03077221129391,-1.63537372181478,1.58983323818506,1.43647644790412,1.15371893982291,0.813382333938098,0.67694550909341,0.596690968674398,0.892480069918389,1.17621251298331,NA,NA,NA,NA,NA,NA,NA,NA,NA,NA,NA,NA,NA,NA,NA,NA,NA,NA,NA,NA,NA,NA,NA,NA,NA,NA,NA
"155","France","Western",3,"Science",NA,0.196128656664887,1.14362483885558,-0.449907405389933,-0.203764968712091,0.0557934056663729,0.360919086755854,0.370715276830238,0.370037782715102,0.161441188156984,0.232200238491875,NA,NA,NA,NA,NA,NA,NA,NA,NA,NA,NA,NA,NA,NA,NA,NA,NA,NA,NA,NA,NA,NA,NA,NA,NA,NA,NA,NA,NA,NA,NA,NA,NA,NA,NA,NA,NA,NA,NA,NA,NA,NA,NA,NA,NA,NA,NA,NA,NA,NA,NA,NA,NA,NA,NA,NA,NA,NA,NA,NA,NA,NA,NA,NA,NA
"156","Germany","Western",3,"Science",NA,0.792264391208615,0.583024427651864,0.618622682411158,0.630124672221879,0.750111342847903,0.837809171358185,0.796824790428214,0.79844621422318,0.76539383449966,0.814216502074643,NA,NA,NA,NA,NA,NA,NA,NA,NA,NA,NA,NA,NA,NA,NA,NA,NA,NA,NA,NA,NA,NA,NA,NA,NA,NA,NA,NA,NA,NA,NA,NA,NA,NA,NA,NA,NA,NA,NA,NA,NA,NA,NA,NA,NA,NA,NA,NA,NA,NA,NA,NA,NA,NA,NA,NA,NA,NA,NA,NA,NA,NA,NA,NA,NA
"157","Greece","Western",3,"Science",NA,-0.566925083551085,-0.201816148033337,-0.618622682411158,-0.580360290424206,-0.564133323959993,-0.54950743839405,-0.566725653085308,-0.551040345027266,-0.721258833420773,-0.422568058038739,NA,NA,NA,NA,NA,NA,NA,NA,NA,NA,NA,NA,NA,NA,NA,NA,NA,NA,NA,NA,NA,NA,NA,NA,NA,NA,NA,NA,NA,NA,NA,NA,NA,NA,NA,NA,NA,NA,NA,NA,NA,NA,NA,NA,NA,NA,NA,NA,NA,NA,NA,NA,NA,NA,NA,NA,NA,NA,NA,NA,NA,NA,NA,NA,NA
"158","Hungary","Western",3,"Science",NA,0.0769015097561415,0.0224240164481489,0.168715277021225,0.065231689653706,0.0309963364813183,0.10079722242731,0.115049568671453,0.112992723810255,0.114983292284471,0.0624454949469009,NA,NA,NA,NA,NA,NA,NA,NA,NA,NA,NA,NA,NA,NA,NA,NA,NA,NA,NA,NA,NA,NA,NA,NA,NA,NA,NA,NA,0.347387319828335,0.486192187566555,0.103803544761224,0.185960365676143,0.417935700357887,0.404561893843557,0.376080838385227,0.341173668220155,0.480148852205334,0.195548978585315,NA,NA,NA,NA,NA,NA,NA,NA,NA,NA,NA,NA,NA,NA,NA,NA,NA,NA,NA,NA,NA,NA,NA,NA,NA,NA,NA
"159","Iceland","Western",3,"Science",NA,-0.304625360351845,1.03150475661484,-0.815457172269254,-0.687958953770525,-0.44014797803472,-0.115970997846476,-0.0340887610878385,0.0273110375086395,-0.326366718504408,-0.252813314493765,NA,NA,NA,NA,NA,NA,NA,NA,NA,NA,NA,NA,NA,NA,NA,NA,NA,NA,NA,NA,NA,NA,NA,NA,NA,NA,NA,NA,NA,NA,NA,NA,NA,NA,NA,NA,NA,NA,NA,NA,NA,NA,NA,NA,NA,NA,NA,NA,NA,NA,NA,NA,NA,NA,NA,NA,NA,NA,NA,NA,NA,NA,NA,NA,NA
"160","Ireland","Western",3,"Science",NA,0.744573532445117,0.134544098688892,0.759218746595513,0.818422333077937,0.774908412032958,0.707748239193913,0.69029741202872,0.69134410634616,0.76539383449966,0.717213791477515,NA,NA,NA,NA,NA,NA,NA,NA,NA,NA,NA,NA,NA,NA,NA,NA,NA,NA,NA,NA,NA,NA,NA,NA,NA,NA,NA,NA,NA,NA,NA,NA,NA,NA,NA,NA,NA,NA,NA,NA,NA,NA,NA,NA,NA,NA,NA,NA,NA,NA,NA,NA,NA,NA,NA,NA,NA,NA,NA,NA,NA,NA,NA,NA,NA
"162","Italy","Western",3,"Science",NA,0.0769015097561415,0.358784263170378,-0.0843576385106125,-0.0692666395291923,0.00619926729626366,0.122474044454689,0.136355044351352,0.155833566961063,0.091754344348214,0.0381948172976189,NA,NA,NA,NA,NA,NA,NA,NA,NA,NA,NA,NA,NA,NA,NA,NA,NA,NA,NA,NA,NA,NA,NA,NA,NA,NA,NA,NA,-0.130982104197569,-0.338861221637296,-0.0491701001500534,-0.0727670996124038,-0.079800020456684,-0.163244272954418,-0.248791939239458,-0.286005160167534,-0.0189889376578381,-0.271433656842302,NA,NA,NA,NA,NA,NA,NA,NA,NA,NA,NA,NA,NA,NA,NA,NA,NA,NA,NA,NA,NA,NA,NA,NA,NA,NA,NA
"163","Japan","Eastern",3,"Science",NA,1.34070926698885,0.695144509892607,1.12476851347483,1.27571665229979,1.34524100328921,1.31469925596052,1.26554525538599,1.26969548888207,1.41580437671485,1.22647802211244,NA,NA,NA,NA,NA,NA,NA,NA,NA,NA,NA,NA,NA,NA,NA,NA,NA,NA,NA,NA,NA,NA,NA,NA,NA,NA,NA,NA,1.16744918958703,-0.338861221637296,1.10905892560676,1.17774898261557,1.19700030685026,1.10864154067305,1.02409705221823,1.01481018759952,1.15289978636874,1.15286338121193,NA,NA,NA,NA,NA,NA,NA,NA,NA,NA,NA,NA,NA,NA,NA,NA,NA,NA,NA,NA,NA,NA,NA,NA,NA,NA,NA
"164","Korea","Eastern",3,"Science",NA,1.1261004025531,-0.874536641477795,1.60279513170164,1.54471331066559,1.34524100328921,0.902839637440321,0.732908363388517,0.648503263195353,1.11382805354351,1.10522463386603,NA,NA,NA,NA,NA,NA,NA,NA,NA,NA,NA,NA,NA,NA,NA,NA,NA,NA,NA,NA,NA,NA,NA,NA,NA,NA,NA,NA,1.2130081823514,-0.220996448893889,1.17461905914016,1.19930960472295,1.17535962333658,1.19949052736072,1.18610110567649,1.17741210607041,1.17460142940627,1.24625990829745,NA,NA,NA,NA,NA,NA,NA,NA,NA,NA,NA,NA,NA,NA,NA,NA,NA,NA,NA,NA,NA,NA,NA,NA,NA,NA,NA
"165","Luxembourg","Western",3,"Science",NA,0.0053652216108941,1.47998508557781,-0.590503469574288,-0.499661292914467,-0.291365562924392,0.27421179864634,0.413326228190036,0.455719469016717,0.184670136093241,-0.180061281545919,NA,NA,NA,NA,NA,NA,NA,NA,NA,NA,NA,NA,NA,NA,NA,NA,NA,NA,NA,NA,NA,NA,NA,NA,NA,NA,NA,NA,NA,NA,NA,NA,NA,NA,NA,NA,NA,NA,NA,NA,NA,NA,NA,NA,NA,NA,NA,NA,NA,NA,NA,NA,NA,NA,NA,NA,NA,NA,NA,NA,NA,NA,NA,NA,NA
"166","Mexico","Western",3,"Science",NA,-1.80688741140204,-2.10785754612597,-1.09664930063796,-1.30665126801186,-1.55601609136218,-1.98017769220104,-2.12202537771792,-2.17899238475796,-1.69687464674356,-1.90185939464494,NA,NA,NA,NA,NA,NA,NA,NA,NA,NA,NA,NA,NA,NA,NA,NA,NA,NA,NA,NA,NA,NA,NA,NA,NA,NA,NA,NA,NA,NA,NA,NA,NA,NA,NA,NA,NA,NA,NA,NA,NA,NA,NA,NA,NA,NA,NA,NA,NA,NA,NA,NA,NA,NA,NA,NA,NA,NA,NA,NA,NA,NA,NA,NA,NA
"167","Netherlands","Western",3,"Science",NA,0.744573532445117,0.583024427651864,0.506145831063675,0.52252600887556,0.675720135292739,0.816132349330806,0.775519314748315,0.712764527921564,0.76539383449966,0.717213791477515,NA,NA,NA,NA,NA,NA,NA,NA,NA,NA,NA,NA,NA,NA,NA,NA,NA,NA,NA,NA,NA,NA,NA,NA,NA,NA,NA,NA,NA,NA,NA,NA,NA,NA,NA,NA,NA,NA,NA,NA,NA,NA,NA,NA,NA,NA,NA,NA,NA,NA,NA,NA,NA,NA,NA,NA,NA,NA,NA,NA,NA,NA,NA,NA,NA
"168","New Zealand","Western",3,"Science",NA,0.601500956154622,1.70422525005929,0,0.0921313554902857,0.328561166701974,0.816132349330806,0.945963120187505,1.03407085155262,0.62602014688212,0.547459047932541,NA,NA,NA,NA,NA,NA,NA,NA,NA,NA,NA,NA,NA,NA,NA,NA,NA,NA,NA,NA,NA,NA,NA,NA,NA,NA,NA,NA,0.119592356006476,0.72192173305337,-0.136583611527926,-0.0943277217197828,-0.0148779699156529,0.245576167140124,0.376080838385227,0.387631359211835,0.284834064867571,-0.0846406026712556,NA,NA,NA,NA,NA,NA,NA,NA,NA,NA,NA,NA,NA,NA,NA,NA,NA,NA,NA,NA,NA,NA,NA,NA,NA,NA,NA
"169","Norway","Western",3,"Science",NA,0.100746939137891,1.14362483885558,-0.393668979716192,-0.23066463454867,-0.0433948710738456,0.230858154591582,0.328104325470441,0.370037782715102,0.0452964484757004,0.135197527894747,NA,NA,NA,NA,NA,NA,NA,NA,NA,NA,NA,NA,NA,NA,NA,NA,NA,NA,NA,NA,NA,NA,NA,NA,NA,NA,NA,NA,-0.29043857887287,-0.692455539867518,-0.0710234779945215,-0.0943277217197828,-0.188003438025069,-0.390366739673607,-0.480226301322675,-0.495064769630097,-0.322811940183247,-0.224735393299541,NA,NA,NA,NA,NA,NA,NA,NA,NA,NA,NA,NA,NA,NA,NA,NA,NA,NA,NA,NA,NA,NA,NA,NA,NA,NA,NA
"170","Poland","Western",3,"Science",NA,0.839955249972114,-0.426056312514823,1.20912615198545,1.11431865728031,0.898893757958231,0.664394595139156,0.69029741202872,0.734184949496968,0.76539383449966,0.886968535022489,NA,NA,NA,NA,NA,NA,NA,NA,NA,NA,NA,NA,NA,NA,NA,NA,NA,NA,NA,NA,NA,NA,NA,NA,NA,NA,NA,NA,NA,NA,NA,NA,NA,NA,NA,NA,NA,NA,NA,NA,NA,NA,NA,NA,NA,NA,NA,NA,NA,NA,NA,NA,NA,NA,NA,NA,NA,NA,NA,NA,NA,NA,NA,NA,NA
"171","Portugal","Western",3,"Science",NA,-0.0423256371526042,-0.0896960657925941,-0.0562384256737417,-0.0423669736926127,-0.018597801888791,-0.0509405317643404,-0.0553942367677373,-0.07979107036838,-0.0708482912055834,-0.0103065380009451,NA,NA,NA,NA,NA,NA,NA,NA,NA,NA,NA,NA,NA,NA,NA,NA,NA,NA,NA,NA,NA,NA,NA,NA,NA,NA,NA,NA,NA,NA,NA,NA,NA,NA,NA,NA,NA,NA,NA,NA,NA,NA,NA,NA,NA,NA,NA,NA,NA,NA,NA,NA,NA,NA,NA,NA,NA,NA,NA,NA,NA,NA,NA,NA,NA
"172","Slovak Republic","Eastern",3,"Science",NA,-0.471543366024089,1.25574492109632,-1.09664930063796,-0.930055946299742,-0.688118669885266,-0.246031930010748,-0.119310663807434,-0.0369502272175722,-0.372824614376921,-0.568072123934431,NA,NA,NA,NA,NA,NA,NA,NA,NA,NA,NA,NA,NA,NA,NA,NA,NA,NA,NA,NA,NA,NA,NA,NA,NA,NA,NA,NA,NA,NA,NA,NA,NA,NA,NA,NA,NA,NA,NA,NA,NA,NA,NA,NA,NA,NA,NA,NA,NA,NA,NA,NA,NA,NA,NA,NA,NA,NA,NA,NA,NA,NA,NA,NA,NA
"174","Spain","Western",3,"Science",NA,0.12459236851964,-0.426056312514823,0.281192128368708,0.280429016346343,0.229372889961755,0.0791204003999317,0.00852219027195903,-0.0369502272175722,0.207899084029498,0.0624454949469009,NA,NA,NA,NA,NA,NA,NA,NA,NA,NA,NA,NA,NA,NA,NA,NA,NA,NA,NA,NA,NA,NA,NA,NA,NA,NA,NA,NA,NA,NA,NA,NA,NA,NA,NA,NA,NA,NA,NA,NA,NA,NA,NA,NA,NA,NA,NA,NA,NA,NA,NA,NA,NA,NA,NA,NA,NA,NA,NA,NA,NA,NA,NA,NA,NA
"175","Sweden","Western",3,"Science",NA,-0.137707354679601,1.14362483885558,-0.702980320921771,-0.526560958751047,-0.291365562924392,0.0140899343177956,0.136355044351352,0.198674410111871,-0.233450926759381,-0.0345572156502271,NA,NA,NA,NA,NA,NA,NA,NA,NA,NA,NA,NA,NA,NA,NA,NA,NA,NA,NA,NA,NA,NA,NA,NA,NA,NA,NA,NA,0.0512538668599183,0.250462642079741,-0.0710234779945215,-0.00808523329026709,0.0500440806253781,0.10930268710861,0.0752161676770455,0.0624275222700709,-0.0189889376578381,0.148850715042553,NA,NA,NA,NA,NA,NA,NA,NA,NA,NA,NA,NA,NA,NA,NA,NA,NA,NA,NA,NA,NA,NA,NA,NA,NA,NA,NA
"176","Switzerland","Western",3,"Science",NA,0.577655526772873,0.134544098688892,0.534265043900546,0.54942567471214,0.601328927737575,0.556010485002262,0.541159082269428,0.519980733742929,0.62602014688212,0.523208370283259,NA,NA,NA,NA,NA,NA,NA,NA,NA,NA,NA,NA,NA,NA,NA,NA,NA,NA,NA,NA,NA,NA,NA,NA,NA,NA,NA,NA,NA,NA,NA,NA,NA,NA,NA,NA,NA,NA,NA,NA,NA,NA,NA,NA,NA,NA,NA,NA,NA,NA,NA,NA,NA,NA,NA,NA,NA,NA,NA,NA,NA,NA,NA,NA,NA
"177","Turkey","Western",3,"Science",NA,-0.662306801078082,-1.09877680595928,0,-0.28446396622183,-0.588930393145048,-0.766275658667837,-0.673253031484802,-0.679562874479689,-0.767716729293286,-0.519570768635867,NA,NA,NA,NA,NA,NA,NA,NA,NA,NA,NA,NA,NA,NA,NA,NA,NA,NA,NA,NA,NA,NA,NA,NA,NA,NA,NA,NA,-0.541013039076916,2.8434876424347,-1.29481263728474,-1.17235882708873,-0.923786677490088,-0.163244272954418,0.214076784926976,0.410860204707676,-0.735143157896302,-0.318131920385064,NA,NA,NA,NA,NA,NA,NA,NA,NA,NA,NA,NA,NA,NA,NA,NA,NA,NA,NA,NA,NA,NA,NA,NA,NA,NA,NA
"179","United States","Western",3,"Science",NA,0.148437797901389,0.470904345411121,0.140596064184354,0.0921313554902857,0.00619926729626366,0.209181332564204,0.306798849790542,0.391458204290506,0.138212240220728,0.183698883193311,NA,NA,NA,NA,NA,NA,NA,NA,NA,NA,NA,NA,NA,NA,NA,NA,NA,NA,NA,NA,NA,NA,NA,NA,NA,NA,NA,NA,0.415725808974893,0.250462642079741,0.278630567516969,0.272202854105659,0.309732282789502,0.472698633859314,0.468654583218514,0.480546741195197,0.458447209167805,0.3356437692136,NA,NA,NA,NA,NA,NA,NA,NA,NA,NA,NA,NA,NA,NA,NA,NA,NA,NA,NA,NA,NA,NA,NA,NA,NA,NA,NA
"182","Brazil","Western",3,"Science",NA,-2.04534170521953,-1.21089688820002,-1.65903355737538,-1.81774491890687,-1.97756626750811,-2.11023862436531,-2.07941442635812,-2.05046985530554,-1.97562202197864,-2.0958648158392,NA,NA,NA,NA,NA,NA,NA,NA,NA,NA,NA,NA,NA,NA,NA,NA,NA,NA,NA,NA,NA,NA,NA,NA,NA,NA,NA,NA,NA,NA,NA,NA,NA,NA,NA,NA,NA,NA,NA,NA,NA,NA,NA,NA,NA,NA,NA,NA,NA,NA,NA,NA,NA,NA,NA,NA,NA,NA,NA,NA,NA,NA,NA,NA,NA
"188","Hong Kong SAR","Eastern",3,"Science",NA,1.53147270204284,-0.762416559237052,1.79962962155973,1.94820829821428,1.84118238699031,1.29302243393314,1.0737959742669,0.969809586826411,1.55517806433239,1.46898479860526,NA,NA,NA,NA,NA,NA,NA,NA,NA,NA,NA,NA,NA,NA,NA,NA,NA,NA,NA,NA,NA,NA,NA,NA,NA,NA,NA,NA,0.643520772796752,-0.456725994380703,0.584577857339523,0.660294052038479,0.785827320090397,0.586259867218909,0.399224274593549,0.294715977228474,0.545253781317921,0.732579009327074,NA,NA,NA,NA,NA,NA,NA,NA,NA,NA,NA,NA,NA,NA,NA,NA,NA,NA,NA,NA,NA,NA,NA,NA,NA,NA,NA
"189","Indonesia","Eastern",3,"Science",NA,-2.59378658099976,-2.4442177928482,-1.91210647290722,-2.05984191143609,-2.34952230528393,-2.7388664631593,-2.84641155083448,-2.9287071398971,-2.57957466832131,-2.60512904647412,NA,NA,NA,NA,NA,NA,NA,NA,NA,NA,NA,NA,NA,NA,NA,NA,NA,NA,NA,NA,NA,NA,NA,NA,NA,NA,NA,NA,-2.29503426050523,0.0147330965929259,-2.16894775106346,-2.16414744402816,-2.22222768831071,-2.27548321344288,-2.30855776178009,-2.33014356380148,-2.31936309963593,-2.23276072563829,NA,NA,NA,NA,NA,NA,NA,NA,NA,NA,NA,NA,NA,NA,NA,NA,NA,NA,NA,NA,NA,NA,NA,NA,NA,NA,NA
"192","Latvia","Eastern",3,"Science",NA,0.267664944810135,-1.21089688820002,0.871695597942996,0.710823669731618,0.452546512627247,0.0791204003999317,-0.0340887610878385,-0.122631913519188,0.091754344348214,0.474707014984695,NA,NA,NA,NA,NA,NA,NA,NA,NA,NA,NA,NA,NA,NA,NA,NA,NA,NA,NA,NA,NA,NA,NA,NA,NA,NA,NA,NA,NA,NA,NA,NA,NA,NA,NA,NA,NA,NA,NA,NA,NA,NA,NA,NA,NA,NA,NA,NA,NA,NA,NA,NA,NA,NA,NA,NA,NA,NA,NA,NA,NA,NA,NA,NA,NA
"193","Liechtenstein","Western",3,"Science",NA,0.816109820590365,-0.426056312514823,1.23724536482232,0.926020996424255,0.824502550403067,0.75110188324867,0.647686460668922,0.477139890592121,0.974454365925971,0.620211080880387,NA,NA,NA,NA,NA,NA,NA,NA,NA,NA,NA,NA,NA,NA,NA,NA,NA,NA,NA,NA,NA,NA,NA,NA,NA,NA,NA,NA,NA,NA,NA,NA,NA,NA,NA,NA,NA,NA,NA,NA,NA,NA,NA,NA,NA,NA,NA,NA,NA,NA,NA,NA,NA,NA,NA,NA,NA,NA,NA,NA,NA,NA,NA,NA,NA
"195","Macao-China","Eastern",3,"Science",NA,0.720728103063368,-1.21089688820002,1.23724536482232,1.14121832311689,0.94848789632834,0.469303196892748,0.306798849790542,0.198674410111871,0.672478042754633,0.741464469126797,NA,NA,NA,NA,NA,NA,NA,NA,NA,NA,NA,NA,NA,NA,NA,NA,NA,NA,NA,NA,NA,NA,NA,NA,NA,NA,NA,NA,NA,NA,NA,NA,NA,NA,NA,NA,NA,NA,NA,NA,NA,NA,NA,NA,NA,NA,NA,NA,NA,NA,NA,NA,NA,NA,NA,NA,NA,NA,NA,NA,NA,NA,NA,NA,NA
"201","Russian Federation","Eastern",3,"Science",NA,-0.113861925297852,-0.538176394755566,0.224953702694967,0.0921313554902857,-0.0681919402589003,-0.202678285955991,-0.18322709084713,-0.144052335094592,-0.16376408295061,-0.0345572156502271,NA,NA,NA,NA,NA,NA,NA,NA,NA,NA,NA,NA,NA,NA,NA,NA,NA,NA,NA,NA,NA,NA,NA,NA,NA,NA,NA,NA,0.802977247472054,-0.220996448893889,0.846818391473141,0.832779028897511,0.807468003604074,0.790670087266179,0.769519253926696,0.7128351961536,0.805673497768272,0.802626404641217,NA,NA,NA,NA,NA,NA,NA,NA,NA,NA,NA,NA,NA,NA,NA,NA,NA,NA,NA,NA,NA,NA,NA,NA,NA,NA,NA
"202","Serbia","Eastern",3,"Science",NA,-1.09152452994957,-0.31393623027408,-1.01229166212735,-1.09145394131922,-1.13446591521625,-1.06975116705114,-0.992835166683283,-0.936607933384536,-1.11615094833714,-1.05308567692007,NA,NA,NA,NA,NA,NA,NA,NA,NA,NA,NA,NA,NA,NA,NA,NA,NA,NA,NA,NA,NA,NA,NA,NA,NA,NA,NA,NA,NA,NA,NA,NA,NA,NA,NA,NA,NA,NA,NA,NA,NA,NA,NA,NA,NA,NA,NA,NA,NA,NA,NA,NA,NA,NA,NA,NA,NA,NA,NA,NA,NA,NA,NA,NA,NA
"206","Thailand","Western",3,"Science",NA,-1.11536995933132,-1.54725713492225,-0.449907405389933,-0.661059287933945,-0.960886430920867,-1.28651938732492,-1.29111182620187,-1.25791425701559,-1.34844042769971,-0.931832288673661,NA,NA,NA,NA,NA,NA,NA,NA,NA,NA,NA,NA,NA,NA,NA,NA,NA,NA,NA,NA,NA,NA,NA,NA,NA,NA,NA,NA,-1.26995692330686,0.132597869336333,-1.1855457480624,-1.23704069341087,-1.27003761370892,-1.29885660655037,-1.24395969619729,-1.14547244351363,-1.42959573509724,-1.08865326884063,NA,NA,NA,NA,NA,NA,NA,NA,NA,NA,NA,NA,NA,NA,NA,NA,NA,NA,NA,NA,NA,NA,NA,NA,NA,NA,NA
"207","Tunisia","Western",3,"Science",NA,-2.21225971089178,-1.21089688820002,-2.0245833242547,-2.08674157727267,-2.12634868261844,-2.19694591247483,-2.29246918315711,-2.28609449263498,-2.13822465753244,-2.24136888173489,NA,NA,NA,NA,NA,NA,NA,NA,NA,NA,NA,NA,NA,NA,NA,NA,NA,NA,NA,NA,NA,NA,NA,NA,NA,NA,NA,NA,-1.5433108798931,-1.39964417632796,-0.92330521392878,-1.10767696076659,-1.35660034776363,-1.75310153998875,-1.82254560140533,-1.86556665388468,-1.34278916294712,-1.71907982666792,NA,NA,NA,NA,NA,NA,NA,NA,NA,NA,NA,NA,NA,NA,NA,NA,NA,NA,NA,NA,NA,NA,NA,NA,NA,NA,NA
"209","Uruguay","Western",3,"Science",NA,-1.78304198202029,0.583024427651864,-2.33389466546028,-2.16744057478241,-1.95276919832305,-1.58999489570823,-1.41894468028126,-1.32217552174181,-1.76656149055233,-1.80485668404781,NA,NA,NA,NA,NA,NA,NA,NA,NA,NA,NA,NA,NA,NA,NA,NA,NA,NA,NA,NA,NA,NA,NA,NA,NA,NA,NA,NA,NA,NA,NA,NA,NA,NA,NA,NA,NA,NA,NA,NA,NA,NA,NA,NA,NA,NA,NA,NA,NA,NA,NA,NA,NA,NA,NA,NA,NA,NA,NA,NA,NA,NA,NA,NA,NA
